,0,1,2,3,4,5,6,7,8,9,10,11,12,13,14,15,16,17,18,19,20,21,22,23,24,25,26,27,28,29,30,31,32,33,34,35,36,37,38,39,40,41,42,43,44,45,46,47,48,49,50,51,52,53,54,55,56,57,58,59,60,61,62
0,,,,,,,,,,,,,,,,,,,,,,,,,,,,,,,,,,,,,,,,,,,,,,,,,,,,,,,,,,,,,,,
1,,,,,,,,,,,,,,,,,,,,,,,,,,,,,,,,,,,,,,,,,,,,,,,,,,,,,,,,,,,,,,,
2,,,,,,,,,,,,,,,,,,,,,,,,,,,,,,,,,,,,,,,,,,,,,,,,,,,,,,,,,,,,,,,
3,,,,,,,,,,,,,,,,,,,,,,,,,,,,,,,,,,,,,,,,,,,,,,,,,,,,,,,,,,,,,,,
4,,,,,,,,,,,,,,,,,,,,,,,,,,,,,,,,,,,,,,,,,,,,,,,,,,,,,,,,,,,,,,,
5,,,,,,,,,,,,,,,,,,,,,,,,,,,,,,,,,,,,,,,,,,,,,,,,,,,,,,,,,,,,,,,
6,,,,,,,,,,,,,,,,,,,,,,,,,,,,,,,,,,,,,,,,,,,,,,,,,,,,,,,,,,,,,,,
7,,,,,,,,,,,,,,,,,,,,,,,,,,,,,,,,,,,,,,,,,,,,,,,,,,,,,,,,,,,,,,,
8,,,,,,,,,,,,,,,,,,,,,,,,,,,,,,,,,,,,,,,,,,,,,,,,,,,,,,,,,,,,,,,
9,,,,,,,,,,,,,,,,,,,,,,,,,,,,,,,,,,,,,,,,,,,,,,,,,,,,,,,,,,,,,,,
10,,,,,,,,,,,,,,,,,,,,,,,,,,,,,,,,,,,,,,,,,,,,,,,,,,,,,,,,,,,,,,,
11,,,,,,,,,,,,,,,,,,,,,,,,,,,,,,,,,,,,,,,,,,,,,,,,,,,,,,,,,,,,,,,
12,,,,,,,,,,,,,,,,,,,,,,,,,,,,,,,,,,,,,,,,,,,,,,,,,,,,,,,,,,,,,,,
13,,,,,,,,,,,,,,,,,,,,,,,,,,,,,,,,,,,,,,,,,,,,,,,,,,,,,,,,,,,,,,,
14,,,,,,,,,,,,,,,,,,,,,,,,,,,,,,,,,,,,,,,,,,,,,,,,,,,,,,,,,,,,,,,
15,,,,,,,,,,,,,,,,,,,,,,,,,,,,,,,,,,,,,,,,,,,,,,,,,,,,,,,,,,,,,,,
16,,,,,,,,,,,,,,,,,,,,,,,,,,,,,,,,,,,,,,,,,,,,,,,,,,,,,,,,,,,,,,,
17,,,,,,,,,,,,,,,,,,,,,,,,,,,,,,,,,,,,,,,,,,,,,,,,,,,,,,,,,,,,,,,
18,,,,,,,,,,,,,,,,,,,,,,,,,,,,,,,,,,,,,,,,,,,,,,,,,,,,,,,,,,,,,,,
19,,,,,,,,,,,,,,,,,,,,,,,,,,,,,,,,,,,,,,,,,,,,,,,,,,,,,,,,,,,,,,,
20,,,,,,,,,,,,,,,,,,,,,,,,,,,,,,,,,,,,,,,,,,,,,,,,,,,,,,,,,,,,,,,
21,,,,,,,,,,,,,,,,,,,,,,,,,,,,,,,,,,,,,,,,,,,,,,,,,,,,,,,,,,,,,,,
22,,,,,,,,,,,,,,,,,,,,,,,,,,,,,,,,,,,,,,,,,,,,,,,,,,,,,,,,,,,,,,,
23,"[366, 242]",,,,,,,,,,,,,,,,,,,,,,,,,,,,,,,,,,,,,,,,,,,,,,,,,,,,,,,,,,,,,,
24,"[362, 239]",,,,,,,,,,,,,,,,,,,,,,,,,,,,,,,,,,,,,,,,,,,,,,,,,,,,,,,,,,,,,,
25,"[357, 241]",,,,,,,,,,,,,,,,,,,,,,,,,,,,,,,,,,,,,,,,,,,,,,,,,,,,,,,,,,,,,,
26,"[361, 243]",,,,,,,,,,,,,,,,,,,,,,,,,,,,,,,,,,,,,,,,,,,,,,,,,,,,,,,,,,,,,,
27,"[359, 245]",,,,,,,,,,,,,,,,,,,,,,,,,,,,,,,,,,,,,,,,,,,,,,,,,,,,,,,,,,,,,,
28,"[358, 246]",,,,,,,,,,,,,,,,,,,,,,,,,,,,,,,,,,,,,,,,,,,,,,,,,,,,,,,,,,,,,,
29,"[357, 247]",,,,,,,,,,,,,,,,,,,,,,,,,,,,,,,,,,,,,,,,,,,,,,,,,,,,,,,,,,,,,,
30,"[357, 247]",,,,,,,,,,,,,,,,,,,,,,,,,,,,,,,,,,,,,,,,,,,,,,,,,,,,,,,,,,,,,,
31,"[357, 250]",,,,,,,,,,,,,,,,,,,,,,,,,,,,,,,,,,,,,,,,,,,,,,,,,,,,,,,,,,,,,,
32,"[356, 250]",,,,,,,,,,,,,,,,,,,,,,,,,,,,,,,,,,,,,,,,,,,,,,,,,,,,,,,,,,,,,,
33,"[354, 251]",,,,,,,,,,,,,,,,,,,,,,,,,,,,,,,,,,,,,,,,,,,,,,,,,,,,,,,,,,,,,,
34,"[353, 252]",,,,,,,,,,,,,,,,,,,,,,,,,,,,,,,,,,,,,,,,,,,,,,,,,,,,,,,,,,,,,,
35,"[354, 254]",,,,,,,,,,,,,,,,,,,,,,,,,,,,,,,,,,,,,,,,,,,,,,,,,,,,,,,,,,,,,,
36,"[354, 254]",,,,,,,,,,,,,,,,,,,,,,,,,,,,,,,,,,,,,,,,,,,,,,,,,,,,,,,,,,,,,,
37,"[353, 256]",,,,,,,,,,,,,,,,,,,,,,,,,,,,,,,,,,,,,,,,,,,,,,,,,,,,,,,,,,,,,,
38,"[352, 257]",,,,,,,,,,,,,,,,,,,,,,,,,,,,,,,,,,,,,,,,,,,,,,,,,,,,,,,,,,,,,,
39,"[353, 258]",,,,,,,,,,,,,,,,,,,,,,,,,,,,,,,,,,,,,,,,,,,,,,,,,,,,,,,,,,,,,,
40,"[352, 259]",,,,,,,,,,,,,,,,,,,,,,,,,,,,,,,,,,,,,,,,,,,,,,,,,,,,,,,,,,,,,,
41,"[353, 262]",,,,,,,,,,,,,,,,,,,,,,,,,,,,,,,,,,,,,,,,,,,,,,,,,,,,,,,,,,,,,,
42,"[352, 262]",,,,,,,,,,,,,,,,,,,,,,,,,,,,,,,,,,,,,,,,,,,,,,,,,,,,,,,,,,,,,,
43,"[352, 263]",,,,,,,,,,,,,,,,,,,,,,,,,,,,,,,,,,,,,,,,,,,,,,,,,,,,,,,,,,,,,,
44,"[354, 263]",,,,,,,,,,,,,,,,,,,,,,,,,,,,,,,,,,,,,,,,,,,,,,,,,,,,,,,,,,,,,,
45,"[353, 266]",,,,,,,,,,,,,,,,,,,,,,,,,,,,,,,,,,,,,,,,,,,,,,,,,,,,,,,,,,,,,,
46,"[353, 267]",,,,,,,,,,,,,,,,,,,,,,,,,,,,,,,,,,,,,,,,,,,,,,,,,,,,,,,,,,,,,,
47,"[353, 271]",,,,,,,,,,,,,,,,,,,,,,,,,,,,,,,,,,,,,,,,,,,,,,,,,,,,,,,,,,,,,,
48,"[353, 272]",,,,,,,,,,,,,,,,,,,,,,,,,,,,,,,,,,,,,,,,,,,,,,,,,,,,,,,,,,,,,,
49,"[355, 274]",,,,,,,,,,,,,,,,,,,,,,,,,,,,,,,,,,,,,,,,,,,,,,,,,,,,,,,,,,,,,,
50,"[356, 275]",,,,,,,,,,,,,,,,,,,,,,,,,,,,,,,,,,,,,,,,,,,,,,,,,,,,,,,,,,,,,,
51,"[356, 276]",,,,,,,,,,,,,,,,,,,,,,,,,,,,,,,,,,,,,,,,,,,,,,,,,,,,,,,,,,,,,,
52,"[358, 280]",,,,,,,,,,,,,,,,,,,,,,,,,,,,,,,,,,,,,,,,,,,,,,,,,,,,,,,,,,,,,,
53,"[358, 280]",,,,,,,,,,,,,,,,,,,,,,,,,,,,,,,,,,,,,,,,,,,,,,,,,,,,,,,,,,,,,,
54,"[358, 283]",,,,,,,,,,,,,,,,,,,,,,,,,,,,,,,,,,,,,,,,,,,,,,,,,,,,,,,,,,,,,,
55,"[358, 283]",,,,,,,,,,,,,,,,,,,,,,,,,,,,,,,,,,,,,,,,,,,,,,,,,,,,,,,,,,,,,,
56,"[357, 276]",,,,,,,,,,,,,,,,,,,,,,,,,,,,,,,,,,,,,,,,,,,,,,,,,,,,,,,,,,,,,,
57,"[360, 288]","[354, 255]",,,,,,,,,,,,,,,,,,,,,,,,,,,,,,,,,,,,,,,,,,,,,,,,,,,,,,,,,,,,,
58,"[360, 289]","[354, 256]",,,,,,,,,,,,,,,,,,,,,,,,,,,,,,,,,,,,,,,,,,,,,,,,,,,,,,,,,,,,,
59,"[358, 281]",,"[166, 128]",,,,,,,,,,,,,,,,,,,,,,,,,,,,,,,,,,,,,,,,,,,,,,,,,,,,,,,,,,,,
60,"[360, 289]",,,"[357, 257]",,,,,,,,,,,,,,,,,,,,,,,,,,,,,,,,,,,,,,,,,,,,,,,,,,,,,,,,,,,
61,"[360, 280]",,,"[360, 280]",,,,,,,,,,,,,,,,,,,,,,,,,,,,,,,,,,,,,,,,,,,,,,,,,,,,,,,,,,,
62,"[361, 284]",,,"[361, 284]",,,,,,,,,,,,,,,,,,,,,,,,,,,,,,,,,,,,,,,,,,,,,,,,,,,,,,,,,,,
63,"[363, 286]",,,"[363, 286]",,,,,,,,,,,,,,,,,,,,,,,,,,,,,,,,,,,,,,,,,,,,,,,,,,,,,,,,,,,
64,"[365, 288]",,,"[365, 288]","[167, 129]",,,,,,,,,,,,,,,,,,,,,,,,,,,,,,,,,,,,,,,,,,,,,,,,,,,,,,,,,,
65,"[365, 288]",,,"[365, 288]",,,,,,,,,,,,,,,,,,,,,,,,,,,,,,,,,,,,,,,,,,,,,,,,,,,,,,,,,,,
66,"[365, 289]",,,"[365, 289]",,,,,,,,,,,,,,,,,,,,,,,,,,,,,,,,,,,,,,,,,,,,,,,,,,,,,,,,,,,
67,"[368, 293]",,,"[368, 293]",,,,,,,,,,,,,,,,,,,,,,,,,,,,,,,,,,,,,,,,,,,,,,,,,,,,,,,,,,,
68,"[369, 293]",,,"[369, 293]",,,,,,,,,,,,,,,,,,,,,,,,,,,,,,,,,,,,,,,,,,,,,,,,,,,,,,,,,,,
69,"[370, 295]",,,"[370, 295]",,,,,,,,,,,,,,,,,,,,,,,,,,,,,,,,,,,,,,,,,,,,,,,,,,,,,,,,,,,
70,"[370, 295]",,,"[370, 295]",,,,,,,,,,,,,,,,,,,,,,,,,,,,,,,,,,,,,,,,,,,,,,,,,,,,,,,,,,,
71,"[372, 297]",,,"[372, 297]",,,,,,,,,,,,,,,,,,,,,,,,,,,,,,,,,,,,,,,,,,,,,,,,,,,,,,,,,,,
72,"[374, 300]",,,"[374, 300]",,"[169, 129]",,,,,,,,,,,,,,,,,,,,,,,,,,,,,,,,,,,,,,,,,,,,,,,,,,,,,,,,,
73,"[375, 301]",,,"[375, 301]",,"[170, 131]",,,,,,,,,,,,,,,,,,,,,,,,,,,,,,,,,,,,,,,,,,,,,,,,,,,,,,,,,
74,"[377, 303]",,,"[377, 303]",,,,,,,,,,,,,,,,,,,,,,,,,,,,,,,,,,,,,,,,,,,,,,,,,,,,,,,,,,,
75,"[378, 304]",,,"[378, 304]",,,,,,,,,,,,,,,,,,,,,,,,,,,,,,,,,,,,,,,,,,,,,,,,,,,,,,,,,,,
76,"[378, 304]",,,"[378, 304]",,,,,,,,,,,,,,,,,,,,,,,,,,,,,,,,,,,,,,,,,,,,,,,,,,,,,,,,,,,
77,"[382, 309]",,,"[382, 309]",,,"[170, 131]",,,,,,,,,,,,,,,,,,,,,,,,,,,,,,,,,,,,,,,,,,,,,,,,,,,,,,,,
78,"[384, 311]",,,"[384, 311]",,,"[171, 132]",,,,,,,,,,,,,,,,,,,,,,,,,,,,,,,,,,,,,,,,,,,,,,,,,,,,,,,,
79,"[386, 312]",,,"[386, 312]",,,"[173, 132]",,,,,,,,,,,,,,,,,,,,,,,,,,,,,,,,,,,,,,,,,,,,,,,,,,,,,,,,
80,"[387, 314]",,,"[387, 314]",,,"[172, 133]",,,,,,,,,,,,,,,,,,,,,,,,,,,,,,,,,,,,,,,,,,,,,,,,,,,,,,,,
81,"[389, 316]",,,"[389, 316]",,,"[172, 133]",,,,,,,,,,,,,,,,,,,,,,,,,,,,,,,,,,,,,,,,,,,,,,,,,,,,,,,,
82,"[392, 319]",,,"[392, 319]",,,"[172, 133]",,,,,,,,,,,,,,,,,,,,,,,,,,,,,,,,,,,,,,,,,,,,,,,,,,,,,,,,
83,"[394, 321]",,,"[394, 321]",,,"[171, 133]",,,,,,,,,,,,,,,,,,,,,,,,,,,,,,,,,,,,,,,,,,,,,,,,,,,,,,,,
84,"[397, 324]",,,"[397, 324]",,,"[172, 133]",,,,,,,,,,,,,,,,,,,,,,,,,,,,,,,,,,,,,,,,,,,,,,,,,,,,,,,,
85,"[397, 324]",,,"[397, 324]",,,"[172, 133]",,,,,,,,,,,,,,,,,,,,,,,,,,,,,,,,,,,,,,,,,,,,,,,,,,,,,,,,
86,"[399, 325]",,,"[399, 325]",,,"[172, 134]",,,,,,,,,,,,,,,,,,,,,,,,,,,,,,,,,,,,,,,,,,,,,,,,,,,,,,,,
87,"[402, 328]",,,"[402, 328]",,,"[173, 132]",,,,,,,,,,,,,,,,,,,,,,,,,,,,,,,,,,,,,,,,,,,,,,,,,,,,,,,,
88,"[404, 329]",,,"[404, 329]",,,"[173, 134]",,,,,,,,,,,,,,,,,,,,,,,,,,,,,,,,,,,,,,,,,,,,,,,,,,,,,,,,
89,"[405, 330]",,,"[405, 330]",,,"[173, 134]",,,,,,,,,,,,,,,,,,,,,,,,,,,,,,,,,,,,,,,,,,,,,,,,,,,,,,,,
90,"[407, 331]",,,"[407, 331]",,,"[174, 135]",,,,,,,,,,,,,,,,,,,,,,,,,,,,,,,,,,,,,,,,,,,,,,,,,,,,,,,,
91,"[408, 332]",,,"[408, 332]",,,"[174, 135]",,,,,,,,,,,,,,,,,,,,,,,,,,,,,,,,,,,,,,,,,,,,,,,,,,,,,,,,
92,"[411, 334]",,,"[411, 334]",,,"[173, 135]",,,,,,,,,,,,,,,,,,,,,,,,,,,,,,,,,,,,,,,,,,,,,,,,,,,,,,,,
93,"[413, 335]",,,"[413, 335]",,,"[173, 135]",,,,,,,,,,,,,,,,,,,,,,,,,,,,,,,,,,,,,,,,,,,,,,,,,,,,,,,,
94,"[416, 337]",,,"[416, 337]",,,"[174, 135]",,,,,,,,,,,,,,,,,,,,,,,,,,,,,,,,,,,,,,,,,,,,,,,,,,,,,,,,
95,"[416, 337]",,,"[416, 337]",,,"[174, 135]",,,,,,,,,,,,,,,,,,,,,,,,,,,,,,,,,,,,,,,,,,,,,,,,,,,,,,,,
96,"[418, 338]",,,"[418, 338]",,,"[173, 135]",,,,,,,,,,,,,,,,,,,,,,,,,,,,,,,,,,,,,,,,,,,,,,,,,,,,,,,,
97,"[421, 340]",,,"[421, 340]",,,"[174, 135]",,,,,,,,,,,,,,,,,,,,,,,,,,,,,,,,,,,,,,,,,,,,,,,,,,,,,,,,
98,"[423, 341]",,,"[423, 341]",,,"[174, 135]",,,,,,,,,,,,,,,,,,,,,,,,,,,,,,,,,,,,,,,,,,,,,,,,,,,,,,,,
99,"[424, 341]",,,"[424, 341]",,,"[174, 136]",,,,,,,,,,,,,,,,,,,,,,,,,,,,,,,,,,,,,,,,,,,,,,,,,,,,,,,,
100,"[426, 342]",,,"[426, 342]",,,"[174, 136]",,,,,,,,,,,,,,,,,,,,,,,,,,,,,,,,,,,,,,,,,,,,,,,,,,,,,,,,
101,"[428, 343]",,,"[428, 343]",,,"[175, 136]",,,,,,,,,,,,,,,,,,,,,,,,,,,,,,,,,,,,,,,,,,,,,,,,,,,,,,,,
102,"[433, 345]",,,"[433, 345]",,,"[175, 136]",,,,,,,,,,,,,,,,,,,,,,,,,,,,,,,,,,,,,,,,,,,,,,,,,,,,,,,,
103,"[434, 346]",,,"[434, 346]",,,"[174, 137]",,,,,,,,,,,,,,,,,,,,,,,,,,,,,,,,,,,,,,,,,,,,,,,,,,,,,,,,
104,"[436, 347]",,,"[436, 347]",,,"[176, 137]",,,,,,,,,,,,,,,,,,,,,,,,,,,,,,,,,,,,,,,,,,,,,,,,,,,,,,,,
105,"[438, 348]",,,"[438, 348]",,,"[176, 137]",,,,,,,,,,,,,,,,,,,,,,,,,,,,,,,,,,,,,,,,,,,,,,,,,,,,,,,,
106,"[441, 349]",,,"[441, 349]",,,"[176, 137]",,,,,,,,,,,,,,,,,,,,,,,,,,,,,,,,,,,,,,,,,,,,,,,,,,,,,,,,
107,"[446, 351]",,,"[446, 351]",,,"[176, 137]",,,,,,,,,,,,,,,,,,,,,,,,,,,,,,,,,,,,,,,,,,,,,,,,,,,,,,,,
108,"[448, 352]",,,"[448, 352]",,,"[177, 137]",,,,,,,,,,,,,,,,,,,,,,,,,,,,,,,,,,,,,,,,,,,,,,,,,,,,,,,,
109,"[450, 353]",,,"[450, 353]",,,"[178, 133]",,,,,,,,,,,,,,,,,,,,,,,,,,,,,,,,,,,,,,,,,,,,,,,,,,,,,,,,
110,"[453, 354]",,,"[453, 354]",,,"[177, 132]",,,,,,,,,,,,,,,,,,,,,,,,,,,,,,,,,,,,,,,,,,,,,,,,,,,,,,,,
111,,,,,,,"[178, 133]",,,,,,,,,,,,,,,,,,,,,,,,,,,,,,,,,,,,,,,,,,,,,,,,,,,,,,,,
112,,,,,,,"[178, 134]",,,,,,,,,,,,,,,,,,,,,,,,,,,,,,,,,,,,,,,,,,,,,,,,,,,,,,,,
113,,,,,,,"[179, 134]",,,,,,,,,,,,,,,,,,,,,,,,,,,,,,,,,,,,,,,,,,,,,,,,,,,,,,,,
114,,,,,,,"[179, 134]",,,,,,,,,,,,,,,,,,,,,,,,,,,,,,,,,,,,,,,,,,,,,,,,,,,,,,,,
115,,,,,,,"[178, 139]",,,,,,,,,,,,,,,,,,,,,,,,,,,,,,,,,,,,,,,,,,,,,,,,,,,,,,,,
116,,,,,,,"[179, 135]",,,,,,,,,,,,,,,,,,,,,,,,,,,,,,,,,,,,,,,,,,,,,,,,,,,,,,,,
117,,,,,,,"[180, 135]",,,,,,,,,,,,,,,,,,,,,,,,,,,,,,,,,,,,,,,,,,,,,,,,,,,,,,,,
118,,,,,,,"[180, 135]",,,,,,,,,,,,,,,,,,,,,,,,,,,,,,,,,,,,,,,,,,,,,,,,,,,,,,,,
119,,,,,,,"[179, 140]",,,,,,,,,,,,,,,,,,,,,,,,,,,,,,,,,,,,,,,,,,,,,,,,,,,,,,,,
120,,,,,,,"[179, 140]",,,,,,,,,,,,,,,,,,,,,,,,,,,,,,,,,,,,,,,,,,,,,,,,,,,,,,,,
121,,,,,,,"[180, 140]",,,,,,,,,,,,,,,,,,,,,,,,,,,,,,,,,,,,,,,,,,,,,,,,,,,,,,,,
122,,,,,,,"[180, 140]",,,,,,,,,,,,,,,,,,,,,,,,,,,,,,,,,,,,,,,,,,,,,,,,,,,,,,,,
123,,,,,,,"[182, 136]",,,,,,,,,,,,,,,,,,,,,,,,,,,,,,,,,,,,,,,,,,,,,,,,,,,,,,,,
124,,,,,,,"[180, 141]",,,,,,,,,,,,,,,,,,,,,,,,,,,,,,,,,,,,,,,,,,,,,,,,,,,,,,,,
125,,,,,,,"[181, 136]",,,,,,,,,,,,,,,,,,,,,,,,,,,,,,,,,,,,,,,,,,,,,,,,,,,,,,,,
126,,,,,,,"[182, 137]",,,,,,,,,,,,,,,,,,,,,,,,,,,,,,,,,,,,,,,,,,,,,,,,,,,,,,,,
127,,,,,,,"[182, 137]","[223, 172]",,,,,,,,,,,,,,,,,,,,,,,,,,,,,,,,,,,,,,,,,,,,,,,,,,,,,,,
128,,,,,,,"[182, 137]","[223, 172]",,,,,,,,,,,,,,,,,,,,,,,,,,,,,,,,,,,,,,,,,,,,,,,,,,,,,,,
129,,,,,,,"[182, 137]","[221, 172]",,,,,,,,,,,,,,,,,,,,,,,,,,,,,,,,,,,,,,,,,,,,,,,,,,,,,,,
130,,,,,,,"[182, 138]","[221, 172]",,,,,,,,,,,,,,,,,,,,,,,,,,,,,,,,,,,,,,,,,,,,,,,,,,,,,,,
131,,,,,,,"[182, 138]","[221, 172]",,,,,,,,,,,,,,,,,,,,,,,,,,,,,,,,,,,,,,,,,,,,,,,,,,,,,,,
132,,,,,,,"[182, 138]","[222, 173]",,,,,,,,,,,,,,,,,,,,,,,,,,,,,,,,,,,,,,,,,,,,,,,,,,,,,,,
133,,,,,,,"[183, 138]","[222, 172]",,,,,,,,,,,,,,,,,,,,,,,,,,,,,,,,,,,,,,,,,,,,,,,,,,,,,,,
134,,,,,,,"[183, 138]","[223, 172]",,,,,,,,,,,,,,,,,,,,,,,,,,,,,,,,,,,,,,,,,,,,,,,,,,,,,,,
135,,,,,,,"[183, 138]","[223, 172]",,,,,,,,,,,,,,,,,,,,,,,,,,,,,,,,,,,,,,,,,,,,,,,,,,,,,,,
136,,,,,,,"[183, 138]","[223, 172]",,,,,,,,,,,,,,,,,,,,,,,,,,,,,,,,,,,,,,,,,,,,,,,,,,,,,,,
137,,,,,,,"[183, 139]","[223, 173]",,,,,,,,,,,,,,,,,,,,,,,,,,,,,,,,,,,,,,,,,,,,,,,,,,,,,,,
138,,,,,,,"[183, 139]","[223, 173]",,,,,,,,,,,,,,,,,,,,,,,,,,,,,,,,,,,,,,,,,,,,,,,,,,,,,,,
139,,,,,,,"[184, 139]","[223, 173]",,,,,,,,,,,,,,,,,,,,,,,,,,,,,,,,,,,,,,,,,,,,,,,,,,,,,,,
140,,,,,,,"[184, 139]","[223, 173]",,,,,,,,,,,,,,,,,,,,,,,,,,,,,,,,,,,,,,,,,,,,,,,,,,,,,,,
141,,,,,,,"[185, 139]","[223, 173]",,,,,,,,,,,,,,,,,,,,,,,,,,,,,,,,,,,,,,,,,,,,,,,,,,,,,,,
142,,,,,,,"[185, 139]","[224, 173]",,,,,,,,,,,,,,,,,,,,,,,,,,,,,,,,,,,,,,,,,,,,,,,,,,,,,,,
143,,,,,,,"[185, 139]","[225, 173]",,,,,,,,,,,,,,,,,,,,,,,,,,,,,,,,,,,,,,,,,,,,,,,,,,,,,,,
144,,,,,,,"[187, 143]","[226, 180]",,,,,,,,,,,,,,,,,,,,,,,,,,,,,,,,,,,,,,,,,,,,,,,,,,,,,,,
145,,,,,,,"[188, 143]","[226, 180]",,,,,,,,,,,,,,,,,,,,,,,,,,,,,,,,,,,,,,,,,,,,,,,,,,,,,,,
146,,,,,,,"[185, 140]","[226, 180]",,,,,,,,,,,,,,,,,,,,,,,,,,,,,,,,,,,,,,,,,,,,,,,,,,,,,,,
147,,,,,,,"[188, 143]","[225, 174]",,,,,,,,,,,,,,,,,,,,,,,,,,,,,,,,,,,,,,,,,,,,,,,,,,,,,,,
148,,,,,,,"[188, 143]","[226, 180]",,,,,,,,,,,,,,,,,,,,,,,,,,,,,,,,,,,,,,,,,,,,,,,,,,,,,,,
149,,,,,,,"[187, 141]","[227, 180]",,,,,,,,,,,,,,,,,,,,,,,,,,,,,,,,,,,,,,,,,,,,,,,,,,,,,,,
150,,,,,,,"[187, 142]","[225, 174]",,,,,,,,,,,,,,,,,,,,,,,,,,,,,,,,,,,,,,,,,,,,,,,,,,,,,,,
151,,,,,,,"[187, 142]","[226, 175]",,,,,,,,,,,,,,,,,,,,,,,,,,,,,,,,,,,,,,,,,,,,,,,,,,,,,,,
152,,,,,,,"[188, 142]","[225, 175]",,,,,,,,,,,,,,,,,,,,,,,,,,,,,,,,,,,,,,,,,,,,,,,,,,,,,,,
153,,,,,,,"[189, 142]","[226, 175]",,,,,,,,,,,,,,,,,,,,,,,,,,,,,,,,,,,,,,,,,,,,,,,,,,,,,,,
154,,,,,,,"[189, 142]","[226, 175]",,,,,,,,,,,,,,,,,,,,,,,,,,,,,,,,,,,,,,,,,,,,,,,,,,,,,,,
155,,,,,,,"[189, 143]","[226, 175]",,,,,,,,,,,,,,,,,,,,,,,,,,,,,,,,,,,,,,,,,,,,,,,,,,,,,,,
156,,,,,,,"[188, 147]","[226, 175]",,,,,,,,,,,,,,,,,,,,,,,,,,,,,,,,,,,,,,,,,,,,,,,,,,,,,,,
157,,,,,,,"[189, 143]","[226, 176]",,,,,,,,,,,,,,,,,,,,,,,,,,,,,,,,,,,,,,,,,,,,,,,,,,,,,,,
158,,,,,,,"[189, 143]","[226, 176]",,,,,,,,,,,,,,,,,,,,,,,,,,,,,,,,,,,,,,,,,,,,,,,,,,,,,,,
159,,,,,,,"[189, 143]","[227, 176]",,,,,,,,,,,,,,,,,,,,,,,,,,,,,,,,,,,,,,,,,,,,,,,,,,,,,,,
160,,,,,,,"[189, 143]","[227, 176]",,,,,,,,,,,,,,,,,,,,,,,,,,,,,,,,,,,,,,,,,,,,,,,,,,,,,,,
161,,,,,,,"[187, 145]","[227, 176]",,,,,,,,,,,,,,,,,,,,,,,,,,,,,,,,,,,,,,,,,,,,,,,,,,,,,,,
162,,,,,,,"[190, 144]","[226, 176]",,,,,,,,,,,,,,,,,,,,,,,,,,,,,,,,,,,,,,,,,,,,,,,,,,,,,,,
163,,,,,,,"[190, 143]","[226, 176]",,,,,,,,,,,,,,,,,,,,,,,,,,,,,,,,,,,,,,,,,,,,,,,,,,,,,,,
164,,,,,,,"[190, 144]","[227, 177]",,,,,,,,,,,,,,,,,,,,,,,,,,,,,,,,,,,,,,,,,,,,,,,,,,,,,,,
165,,,,,,,"[190, 144]","[227, 177]",,,,,,,,,,,,,,,,,,,,,,,,,,,,,,,,,,,,,,,,,,,,,,,,,,,,,,,
166,,,,,,,"[190, 144]","[227, 178]",,,,,,,,,,,,,,,,,,,,,,,,,,,,,,,,,,,,,,,,,,,,,,,,,,,,,,,
167,,,,,,,"[188, 148]","[228, 177]",,,,,,,,,,,,,,,,,,,,,,,,,,,,,,,,,,,,,,,,,,,,,,,,,,,,,,,
168,,,,,,,"[186, 149]","[228, 179]",,,,,,,,,,,,,,,,,,,,,,,,,,,,,,,,,,,,,,,,,,,,,,,,,,,,,,,
169,,,,,,,"[186, 148]","[228, 179]",,,,,,,,,,,,,,,,,,,,,,,,,,,,,,,,,,,,,,,,,,,,,,,,,,,,,,,
170,,,,,,,"[186, 149]","[228, 179]",,,,,,,,,,,,,,,,,,,,,,,,,,,,,,,,,,,,,,,,,,,,,,,,,,,,,,,
171,,,,,,,"[191, 145]","[229, 179]",,,,,,,,,,,,,,,,,,,,,,,,,,,,,,,,,,,,,,,,,,,,,,,,,,,,,,,
172,,,,,,,"[191, 149]","[230, 179]",,,,,,,,,,,,,,,,,,,,,,,,,,,,,,,,,,,,,,,,,,,,,,,,,,,,,,,
173,,,,,,,"[191, 149]","[229, 179]","[173, 165]",,,,,,,,,,,,,,,,,,,,,,,,,,,,,,,,,,,,,,,,,,,,,,,,,,,,,,
174,,,,,,,"[190, 149]","[229, 180]","[173, 166]",,,,,,,,,,,,,,,,,,,,,,,,,,,,,,,,,,,,,,,,,,,,,,,,,,,,,,
175,,,,,,,"[191, 149]","[230, 180]","[173, 167]",,,,,,,,,,,,,,,,,,,,,,,,,,,,,,,,,,,,,,,,,,,,,,,,,,,,,,
176,,,,,,,"[191, 144]","[230, 180]","[174, 167]",,,,,,,,,,,,,,,,,,,,,,,,,,,,,,,,,,,,,,,,,,,,,,,,,,,,,,
177,,,,,,,"[189, 149]","[230, 180]","[189, 149]",,,,,,,,,,,,,,,,,,,,,,,,,,,,,,,,,,,,,,,,,,,,,,,,,,,,,,
178,,,,,,,"[189, 150]","[230, 180]","[189, 150]",,,,,,,,,,,,,,,,,,,,,,,,,,,,,,,,,,,,,,,,,,,,,,,,,,,,,,
179,,,,,,,"[185, 156]","[231, 181]","[185, 156]",,,,,,,,,,,,,,,,,,,,,,,,,,,,,,,,,,,,,,,,,,,,,,,,,,,,,,
180,,,,,,,"[190, 148]","[231, 181]","[190, 148]","[175, 169]",,,,,,,,,,,,,,,,,,,,,,,,,,,,,,,,,,,,,,,,,,,,,,,,,,,,,
181,,,,,,,"[191, 149]","[232, 182]","[191, 149]","[175, 170]",,,,,,,,,,,,,,,,,,,,,,,,,,,,,,,,,,,,,,,,,,,,,,,,,,,,,
182,,,,,,,"[185, 158]","[233, 184]","[185, 158]","[185, 158]",,,,,,,,,,,,,,,,,,,,,,,,,,,,,,,,,,,,,,,,,,,,,,,,,,,,,
183,,,,,,,"[193, 145]","[233, 184]","[193, 145]","[193, 145]","[176, 171]",,,,,,,,,,,,,,,,,,,,,,,,,,,,,,,,,,,,,,,,,,,,,,,,,,,,
184,,,,,,,"[192, 144]","[233, 184]","[192, 144]","[192, 144]","[177, 172]",,,,,,,,,,,,,,,,,,,,,,,,,,,,,,,,,,,,,,,,,,,,,,,,,,,,
185,,,,,,,"[192, 144]","[235, 186]","[192, 144]","[192, 144]","[177, 172]",,,,,,,,,,,,,,,,,,,,,,,,,,,,,,,,,,,,,,,,,,,,,,,,,,,,
186,,,,,,,"[187, 155]","[236, 187]","[187, 155]","[187, 155]","[187, 155]",,,,,,,,,,,,,,,,,,,,,,,,,,,,,,,,,,,,,,,,,,,,,,,,,,,,
187,,,,,,,"[187, 156]","[236, 185]","[187, 156]","[187, 156]","[187, 156]",,,,,,,,,,,,,,,,,,,,,,,,,,,,,,,,,,,,,,,,,,,,,,,,,,,,
188,,,,,,,"[186, 161]","[237, 187]","[186, 161]","[186, 161]","[186, 161]",,,,,,,,,,,,,,,,,,,,,,,,,,,,,,,,,,,,,,,,,,,,,,,,,,,,
189,,,,,,,"[187, 161]","[238, 188]","[187, 161]","[187, 161]","[187, 161]",,,,,,,,,,,,,,,,,,,,,,,,,,,,,,,,,,,,,,,,,,,,,,,,,,,,
190,,,,,,,"[188, 156]","[238, 188]","[188, 156]","[188, 156]","[188, 156]",,,,,,,,,,,,,,,,,,,,,,,,,,,,,,,,,,,,,,,,,,,,,,,,,,,,
191,,,,,,,"[188, 157]","[238, 188]","[188, 157]","[188, 157]","[188, 157]",,,,,,,,,,,,,,,,,,,,,,,,,,,,,,,,,,,,,,,,,,,,,,,,,,,,
192,,,,,,,"[188, 163]","[238, 188]","[188, 163]","[188, 163]","[188, 163]",,,,,,,,,,,,,,,,,,,,,,,,,,,,,,,,,,,,,,,,,,,,,,,,,,,,
193,,,,,,,"[189, 158]","[238, 189]","[189, 158]","[189, 158]","[189, 158]",,,,,,,,,,,,,,,,,,,,,,,,,,,,,,,,,,,,,,,,,,,,,,,,,,,,
194,,,,,,,"[190, 159]","[239, 190]","[190, 159]","[190, 159]","[190, 159]",,,,,,,,,,,,,,,,,,,,,,,,,,,,,,,,,,,,,,,,,,,,,,,,,,,,
195,,,,,,,"[190, 159]","[239, 190]","[190, 159]","[190, 159]","[190, 159]",,,,,,,,,,,,,,,,,,,,,,,,,,,,,,,,,,,,,,,,,,,,,,,,,,,,
196,,,,,,,"[190, 159]","[240, 190]","[190, 159]","[190, 159]","[190, 159]",,,,,,,,,,,,,,,,,,,,,,,,,,,,,,,,,,,,,,,,,,,,,,,,,,,,
197,,,,,,,"[191, 160]","[241, 191]","[191, 160]","[191, 160]","[191, 160]",,,,,,,,,,,,,,,,,,,,,,,,,,,,,,,,,,,,,,,,,,,,,,,,,,,,
198,,,,,,,"[191, 160]","[241, 191]","[191, 160]","[191, 160]","[191, 160]",,,,,,,,,,,,,,,,,,,,,,,,,,,,,,,,,,,,,,,,,,,,,,,,,,,,
199,,,,,,,"[194, 146]","[241, 192]","[194, 146]","[194, 146]","[194, 146]","[186, 182]",,,,,,,,,,,,,,,,,,,,,,,,,,,,,,,,,,,,,,,,,,,,,,,,,,,
200,,,,,,,"[194, 146]","[241, 192]","[194, 146]","[194, 146]","[194, 146]","[187, 183]",,,,,,,,,,,,,,,,,,,,,,,,,,,,,,,,,,,,,,,,,,,,,,,,,,,
201,,,,,,,"[194, 146]","[242, 193]","[194, 146]","[194, 146]","[194, 146]","[188, 184]",,,,,,,,,,,,,,,,,,,,,,,,,,,,,,,,,,,,,,,,,,,,,,,,,,,
202,,,,,,,"[194, 147]","[244, 193]","[194, 147]","[194, 147]","[194, 147]","[189, 185]",,,,,,,,,,,,,,,,,,,,,,,,,,,,,,,,,,,,,,,,,,,,,,,,,,,
203,,,,,,,"[194, 146]","[243, 193]","[194, 146]","[194, 146]","[194, 146]","[190, 185]",,,,,,,,,,,,,,,,,,,,,,,,,,,,,,,,,,,,,,,,,,,,,,,,,,,
204,,,,,,,"[194, 145]","[244, 193]","[194, 145]","[194, 145]","[194, 145]","[191, 186]",,,,,,,,,,,,,,,,,,,,,,,,,,,,,,,,,,,,,,,,,,,,,,,,,,,
205,,,,,,,"[195, 147]","[246, 195]","[195, 147]","[195, 147]","[195, 147]","[191, 187]",,,,,,,,,,,,,,,,,,,,,,,,,,,,,,,,,,,,,,,,,,,,,,,,,,,
206,,,,,,,"[196, 147]","[247, 195]","[196, 147]","[196, 147]","[196, 147]","[192, 187]",,,,,,,,,,,,,,,,,,,,,,,,,,,,,,,,,,,,,,,,,,,,,,,,,,,
207,,,,,,,"[195, 155]","[248, 196]","[195, 155]","[195, 155]","[195, 155]","[193, 189]",,,,,,,,,,,,,,,,,,,,,,,,,,,,,,,,,,,,,,,,,,,,,,,,,,,
208,,,,,,,"[196, 147]","[250, 198]","[196, 147]","[196, 147]","[196, 147]","[194, 189]",,,,,,,,,,,,,,,,,,,,,,,,,,,,,,,,,,,,,,,,,,,,,,,,,,,
209,,,,,,,"[196, 148]","[250, 198]","[196, 148]","[196, 148]","[196, 148]","[195, 190]",,,,,,,,,,,,,,,,,,,,,,,,,,,,,,,,,,,,,,,,,,,,,,,,,,,
210,,,,,,,"[196, 148]","[252, 199]","[196, 148]","[196, 148]","[196, 148]","[195, 190]",,,,,,,,,,,,,,,,,,,,,,,,,,,,,,,,,,,,,,,,,,,,,,,,,,,
211,,,,,,,"[196, 148]","[253, 200]","[196, 148]","[196, 148]","[196, 148]","[195, 191]",,,,,,,,,,,,,,,,,,,,,,,,,,,,,,,,,,,,,,,,,,,,,,,,,,,
212,,,,,,,"[196, 148]","[255, 202]","[196, 148]","[196, 148]","[196, 148]","[196, 192]",,,,,,,,,,,,,,,,,,,,,,,,,,,,,,,,,,,,,,,,,,,,,,,,,,,
213,,,,,,,"[196, 148]","[256, 203]","[196, 148]","[196, 148]","[196, 148]","[197, 194]",,,,,,,,,,,,,,,,,,,,,,,,,,,,,,,,,,,,,,,,,,,,,,,,,,,
214,,,,,,,"[196, 148]","[256, 203]","[196, 148]","[196, 148]","[196, 148]","[197, 194]",,,,,,,,,,,,,,,,,,,,,,,,,,,,,,,,,,,,,,,,,,,,,,,,,,,
215,,,,,,,"[197, 149]","[258, 204]","[197, 149]","[197, 149]","[197, 149]","[198, 195]",,,,,,,,,,,,,,,,,,,,,,,,,,,,,,,,,,,,,,,,,,,,,,,,,,,
216,,,,,,,"[196, 149]","[258, 205]","[196, 149]","[196, 149]","[196, 149]","[198, 196]",,,,,,,,,,,,,,,,,,,,,,,,,,,,,,,,,,,,,,,,,,,,,,,,,,,
217,,,,,,,"[198, 149]","[260, 205]","[198, 149]","[198, 149]","[198, 149]","[199, 197]",,,,,,,,,,,,,,,,,,,,,,,,,,,,,,,,,,,,,,,,,,,,,,,,,,,
218,,,,,,,"[198, 149]","[261, 206]","[198, 149]","[198, 149]","[198, 149]","[199, 198]",,,,,,,,,,,,,,,,,,,,,,,,,,,,,,,,,,,,,,,,,,,,,,,,,,,
219,,,,,,,"[198, 148]","[261, 207]","[198, 148]","[198, 148]","[198, 148]","[199, 199]",,,,,,,,,,,,,,,,,,,,,,,,,,,,,,,,,,,,,,,,,,,,,,,,,,,
220,,,,,,,"[199, 149]","[262, 208]","[199, 149]","[199, 149]","[199, 149]","[204, 201]",,,,,,,,,,,,,,,,,,,,,,,,,,,,,,,,,,,,,,,,,,,,,,,,,,,
221,,,,,,,"[199, 149]","[263, 208]","[199, 149]","[199, 149]","[199, 149]","[200, 200]",,,,,,,,,,,,,,,,,,,,,,,,,,,,,,,,,,,,,,,,,,,,,,,,,,,
222,,,,,,,"[199, 150]","[264, 209]","[199, 150]","[199, 150]","[199, 150]","[207, 204]",,,,,,,,,,,,,,,,,,,,,,,,,,,,,,,,,,,,,,,,,,,,,,,,,,,
223,,,,,,,"[200, 150]","[265, 210]","[200, 150]","[200, 150]","[200, 150]","[201, 204]",,,,,,,,,,,,,,,,,,,,,,,,,,,,,,,,,,,,,,,,,,,,,,,,,,,
224,,,,,,,"[200, 149]","[267, 211]","[200, 149]","[200, 149]","[200, 149]","[210, 207]",,,,,,,,,,,,,,,,,,,,,,,,,,,,,,,,,,,,,,,,,,,,,,,,,,,
225,,,,,,,"[200, 150]","[267, 211]","[200, 150]","[200, 150]","[200, 150]","[202, 204]","[219, 211]",,,,,,,,,,,,,,,,,,,,,,,,,,,,,,,,,,,,,,,,,,,,,,,,,,
226,,,,,,,"[199, 149]","[268, 212]","[199, 149]","[199, 149]","[199, 149]","[202, 206]","[219, 210]",,,,,,,,,,,,,,,,,,,,,,,,,,,,,,,,,,,,,,,,,,,,,,,,,,
227,,,,,,,"[199, 149]","[269, 213]","[199, 149]","[199, 149]","[199, 149]","[213, 209]","[213, 209]",,,,,,,,,,,,,,,,,,,,,,,,,,,,,,,,,,,,,,,,,,,,,,,,,,
228,,,,,,,"[200, 150]","[271, 214]","[200, 150]","[200, 150]","[200, 150]","[214, 210]","[214, 210]",,,,,,,,,,,,,,,,,,,,,,,,,,,,,,,,,,,,,,,,,,,,,,,,,,
229,,,,,,,"[199, 150]","[271, 215]","[199, 150]","[199, 150]","[199, 150]","[221, 217]","[221, 217]",,,,,,,,,,,,,,,,,,,,,,,,,,,,,,,,,,,,,,,,,,,,,,,,,,
230,,,,,,,"[202, 151]","[272, 216]","[202, 151]","[202, 151]","[202, 151]","[222, 218]","[222, 218]","[170, 169]",,,,,,,,,,,,,,,,,,,,,,,,,,,,,,,,,,,,,,,,,,,,,,,,,
231,,,,,,,"[202, 151]","[273, 217]","[202, 151]","[202, 151]","[202, 151]","[222, 219]","[222, 219]","[170, 169]",,,,,,,,,,,,,,,,,,,,,,,,,,,,,,,,,,,,,,,,,,,,,,,,,
232,,,,,,,"[203, 150]","[275, 218]","[203, 150]","[203, 150]","[203, 150]","[223, 217]","[223, 217]","[171, 170]",,,,,,,,,,,,,,,,,,,,,,,,,,,,,,,,,,,,,,,,,,,,,,,,,
233,,,,,,,"[202, 150]","[276, 219]","[202, 150]","[202, 150]","[202, 150]","[223, 217]","[223, 217]","[171, 171]",,,,,,,,,,,,,,,,,,,,,,,,,,,,,,,,,,,,,,,,,,,,,,,,,
234,,,,,,,"[204, 151]","[277, 220]","[204, 151]","[204, 151]","[204, 151]","[223, 218]","[223, 218]","[172, 171]",,,,,,,,,,,,,,,,,,,,,,,,,,,,,,,,,,,,,,,,,,,,,,,,,
235,,,,,,,"[204, 150]","[279, 221]","[204, 150]","[204, 150]","[204, 150]","[225, 219]","[225, 219]","[172, 172]","[545, 120]",,,,,,,,,,,,,,,,,,,,,,,,,,,,,,,,,,,,,,,,,,,,,,,,
236,,,,,,,"[204, 150]","[279, 221]","[204, 150]","[204, 150]","[204, 150]","[224, 219]","[224, 219]","[173, 173]","[545, 120]",,,,,,,,,,,,,,,,,,,,,,,,,,,,,,,,,,,,,,,,,,,,,,,,
237,,,,,,,"[205, 151]","[281, 223]","[205, 151]","[205, 151]","[205, 151]","[226, 222]","[226, 222]","[174, 174]","[545, 120]",,,,,,,,,,,,,,,,,,,,,,,,,,,,,,,,,,,,,,,,,,,,,,,,
238,,,,,,,"[205, 151]","[282, 224]","[205, 151]","[205, 151]","[205, 151]","[226, 223]","[226, 223]","[174, 175]","[545, 120]","[631, 344]",,,,,,,,,,,,,,,,,,,,,,,,,,,,,,,,,,,,,,,,,,,,,,,
239,,,,,,,"[207, 153]","[284, 226]","[207, 153]","[207, 153]","[207, 153]","[228, 225]","[228, 225]","[175, 176]","[545, 120]","[628, 340]",,,,,,,,,,,,,,,,,,,,,,,,,,,,,,,,,,,,,,,,,,,,,,,
240,,,,,,,"[207, 153]","[284, 226]","[207, 153]","[207, 153]","[207, 153]","[228, 225]","[228, 225]","[175, 176]","[545, 120]","[628, 340]",,,,,,,,,,,,,,,,,,,,,,,,,,,,,,,,,,,,,,,,,,,,,,,
241,,,,,,,"[207, 153]","[285, 227]","[207, 153]","[207, 153]","[207, 153]","[229, 226]","[229, 226]","[176, 177]","[545, 121]","[626, 338]",,,,,,,,,,,,,,,,,,,,,,,,,,,,,,,,,,,,,,,,,,,,,,,
242,,,,,,,"[198, 160]","[288, 229]","[198, 160]","[198, 160]","[198, 160]","[231, 229]","[231, 229]",,"[545, 121]","[622, 335]",,,,,,,,,,,,,,,,,,,,,,,,,,,,,,,,,,,,,,,,,,,,,,,
243,,,,,,,"[198, 160]","[289, 230]","[198, 160]","[198, 160]","[198, 160]","[232, 230]","[232, 230]",,"[545, 121]","[620, 333]",,,,,,,,,,,,,,,,,,,,,,,,,,,,,,,,,,,,,,,,,,,,,,,
244,,,,,,,"[199, 160]","[290, 231]","[199, 160]","[199, 160]","[199, 160]","[233, 231]","[233, 231]",,"[545, 121]","[619, 332]",,,,,,,,,,,,,,,,,,,,,,,,,,,,,,,,,,,,,,,,,,,,,,,
245,,,,,,,"[200, 161]","[291, 232]","[200, 161]","[200, 161]","[200, 161]","[235, 233]","[235, 233]",,"[545, 120]","[617, 330]",,,,,,,,,,,,,,,,,,,,,,,,,,,,,,,,,,,,,,,,,,,,,,,
246,,,,,,,"[200, 161]","[293, 233]","[200, 161]","[200, 161]","[200, 161]","[236, 234]","[236, 234]",,"[545, 121]","[616, 329]",,,,,,,,,,,,,,,,,,,,,,,,,,,,,,,,,,,,,,,,,,,,,,,
247,,,,,,,"[210, 153]","[295, 235]","[210, 153]","[210, 153]","[210, 153]","[238, 237]","[238, 237]",,"[545, 121]","[613, 326]","[182, 183]",,,,,,,,,,,,,,,,,,,,,,,,,,,,,,,,,,,,,,,,,,,,,,
248,,,,,,,"[210, 153]","[296, 236]","[210, 153]","[210, 153]","[210, 153]","[239, 238]","[239, 238]",,"[544, 121]","[611, 325]","[183, 184]",,,,,,,,,,,,,,,,,,,,,,,,,,,,,,,,,,,,,,,,,,,,,,
249,,,,,,,"[210, 155]","[297, 237]","[210, 155]","[210, 155]","[210, 155]","[240, 240]","[240, 240]",,"[544, 121]","[610, 324]","[184, 185]",,,,,,,,,,,,,,,,,,,,,,,,,,,,,,,,,,,,,,,,,,,,,,
250,,,,,,,"[211, 155]","[298, 238]","[211, 155]","[211, 155]","[211, 155]","[242, 241]","[242, 241]",,"[544, 121]","[609, 323]","[184, 186]",,,,,,,,,,,,,,,,,,,,,,,,,,,,,,,,,,,,,,,,,,,,,,
251,,,,,,,"[211, 155]","[299, 239]","[211, 155]","[211, 155]","[211, 155]","[243, 242]","[243, 242]",,"[544, 121]","[606, 321]","[185, 186]",,,,,,,,,,,,,,,,,,,,,,,,,,,,,,,,,,,,,,,,,,,,,,
252,,,,,,,"[210, 153]","[303, 241]","[210, 153]","[210, 153]","[210, 153]","[246, 246]","[246, 246]",,"[544, 121]","[602, 318]","[187, 188]",,,,,,,,,,,,,,,,,,,,,,,,,,,,,,,,,,,,,,,,,,,,,,
253,,,,,,,"[211, 154]","[304, 242]","[211, 154]","[211, 154]","[211, 154]","[248, 247]","[248, 247]",,"[544, 120]","[599, 316]","[188, 189]",,,,,,,,,,,,,,,,,,,,,,,,,,,,,,,,,,,,,,,,,,,,,,
254,,,,,,,"[211, 153]","[305, 244]","[211, 153]","[211, 153]","[211, 153]","[249, 248]","[249, 248]",,"[544, 121]","[597, 314]","[189, 190]","[583, 354]",,,,,,,,,,,,,,,,,,,,,,,,,,,,,,,,,,,,,,,,,,,,,
255,,,,,,,"[212, 156]","[306, 245]","[212, 156]","[212, 156]","[212, 156]","[251, 249]","[251, 249]",,"[544, 121]","[593, 312]","[190, 191]","[576, 352]",,,,,,,,,,,,,,,,,,,,,,,,,,,,,,,,,,,,,,,,,,,,,
256,,,,,,,"[213, 156]","[308, 246]","[213, 156]","[213, 156]","[213, 156]","[252, 251]","[252, 251]",,"[544, 121]","[591, 310]","[191, 192]","[571, 350]",,,,,,,,,,,,,,,,,,,,,,,,,,,,,,,,,,,,,,,,,,,,,
257,,,,,,,"[214, 157]","[311, 248]","[214, 157]","[214, 157]","[214, 157]","[255, 254]","[255, 254]",,"[544, 121]","[585, 307]","[192, 194]","[561, 346]",,,,,,,,,,,,,,,,,,,,,,,,,,,,,,,,,,,,,,,,,,,,,
258,,,,,,,"[214, 155]","[312, 249]","[214, 155]","[214, 155]","[214, 155]","[256, 256]","[256, 256]",,"[544, 121]","[582, 305]","[193, 195]","[558, 344]",,,,,,,,,,,,,,,,,,,,,,,,,,,,,,,,,,,,,,,,,,,,,
259,,,,,,,"[215, 157]","[314, 251]","[215, 157]","[215, 157]","[215, 157]","[258, 258]","[258, 258]",,"[544, 121]","[580, 303]","[194, 196]","[554, 343]",,,,,,,,,,,,,,,,,,,,,,,,,,,,,,,,,,,,,,,,,,,,,
260,,,,,,,"[215, 158]","[315, 252]","[215, 158]","[215, 158]","[215, 158]","[258, 259]","[258, 259]",,"[544, 121]","[576, 301]","[194, 197]","[549, 340]",,,,,,,,,,,,,,,,,,,,,,,,,,,,,,,,,,,,,,,,,,,,,
261,,,,,,,"[216, 158]","[317, 253]","[216, 158]","[216, 158]","[216, 158]","[260, 262]","[260, 262]",,"[544, 121]","[573, 300]","[195, 198]","[544, 338]",,,,,,,,,,,,,,,,,,,,,,,,,,,,,,,,,,,,,,,,,,,,,
262,,,,,,,"[217, 158]","[320, 256]","[217, 158]","[217, 158]","[217, 158]","[263, 265]","[263, 265]",,"[543, 121]","[568, 296]","[196, 200]","[534, 332]",,,,,,,,,,,,,,,,,,,,,,,,,,,,,,,,,,,,,,,,,,,,,
263,,,,,,,"[218, 158]","[321, 257]","[218, 158]","[218, 158]","[218, 158]","[265, 267]","[265, 267]",,"[543, 121]","[566, 295]","[197, 200]","[529, 329]",,,,,,,,,,,,,,,,,,,,,,,,,,,,,,,,,,,,,,,,,,,,,
264,,,,,,,"[218, 158]","[323, 258]","[218, 158]","[218, 158]","[218, 158]","[267, 268]","[267, 268]",,"[544, 121]","[564, 293]","[198, 201]","[524, 326]",,,,,,,,,,,,,,,,,,,,,,,,,,,,,,,,,,,,,,,,,,,,,
265,,,,,,,"[219, 159]","[324, 259]","[219, 159]","[219, 159]","[219, 159]","[269, 271]","[269, 271]",,"[544, 121]","[562, 291]","[200, 203]","[519, 322]",,,,,,,,,,,,,,,,,,,,,,,,,,,,,,,,,,,,,,,,,,,,,
266,,,,,,,"[219, 160]","[326, 261]","[219, 160]","[219, 160]","[219, 160]","[270, 272]","[270, 272]",,"[542, 121]","[559, 289]","[201, 205]","[514, 318]",,,,,,,,,,,,,,,,,,,,,,,,,,,,,,,,,,,,,,,,,,,,,
267,,,,,,,"[220, 160]","[329, 264]","[220, 160]","[220, 160]","[220, 160]","[273, 276]","[273, 276]",,"[542, 121]","[555, 287]","[203, 206]","[504, 311]",,,,,,,,,,,,,,,,,,,,,,,,,,,,,,,,,,,,,,,,,,,,,
268,,,,,,,"[221, 161]","[331, 265]","[221, 161]","[221, 161]","[221, 161]","[275, 278]","[275, 278]",,"[543, 121]","[554, 286]","[205, 208]","[499, 307]",,,,,,,,,,,,,,,,,,,,,,,,,,,,,,,,,,,,,,,,,,,,,
269,,,,,,,"[221, 161]","[333, 267]","[221, 161]","[221, 161]","[221, 161]","[277, 280]","[277, 280]",,"[541, 120]","[552, 284]","[206, 208]","[493, 302]",,,,,,,,,,,,,,,,,,,,,,,,,,,,,,,,,,,,,,,,,,,,,
270,,,,,,,"[222, 162]","[334, 268]","[222, 162]","[222, 162]","[222, 162]","[279, 282]","[279, 282]",,"[541, 120]","[549, 283]","[207, 210]","[487, 300]",,,,,,,,,,,,,,,,,,,,,,,,,,,,,,,,,,,,,,,,,,,,,
271,,,,,,,"[222, 162]","[336, 270]","[222, 162]","[222, 162]","[222, 162]","[281, 284]","[281, 284]",,"[542, 121]","[547, 281]","[208, 211]","[481, 296]",,,,,,,,,,,,,,,,,,,,,,,,,,,,,,,,,,,,,,,,,,,,,
272,,,,,,,"[223, 163]","[340, 273]","[223, 163]","[223, 163]","[223, 163]","[285, 289]","[285, 289]",,"[543, 120]","[544, 279]","[211, 213]","[470, 288]",,,,,,,,,,,,,,,,,,,,,,,,,,,,,,,,,,,,,,,,,,,,,
273,,,,,,,"[224, 164]","[342, 275]","[224, 164]","[224, 164]","[224, 164]","[287, 291]","[287, 291]",,"[543, 120]","[543, 278]","[212, 214]","[466, 286]",,,,,,,,,,,,,,,,,,,,,,,,,,,,,,,,,,,,,,,,,,,,,
274,,,,,,,"[224, 164]","[344, 276]","[224, 164]","[224, 164]","[224, 164]","[289, 294]","[289, 294]",,"[542, 120]","[541, 277]","[213, 216]","[461, 285]",,,,,,,,,,,,,,,,,,,,,,,,,,,,,,,,,,,,,,,,,,,,,
275,,,,,,,"[224, 164]","[345, 278]","[224, 164]","[224, 164]","[224, 164]","[291, 295]","[291, 295]",,"[542, 120]","[540, 275]","[214, 216]","[456, 281]",,,,,,,,,,,,,,,,,,,,,,,,,,,,,,,,,,,,,,,,,,,,,
276,,,,,,,"[226, 165]","[348, 280]","[226, 165]","[226, 165]","[226, 165]","[293, 298]","[293, 298]",,"[542, 120]","[538, 275]","[215, 218]","[452, 280]",,,,,,,,,,,,,,,,,,,,,,,,,,,,,,,,,,,,,,,,,,,,,
277,,,,,,,"[227, 166]","[352, 283]","[227, 166]","[227, 166]","[227, 166]","[297, 302]","[297, 302]",,"[542, 120]","[536, 272]","[218, 220]","[445, 274]",,,,,,,,,,,,,,,,,,,,,,,,,,,,,,,,,,,,,,,,,,,,,
278,,,,,,,"[227, 166]","[354, 285]","[227, 166]","[227, 166]","[227, 166]","[299, 304]","[299, 304]",,"[542, 120]","[534, 271]","[219, 221]","[440, 273]",,,,,,,,,,,,,,,,,,,,,,,,,,,,,,,,,,,,,,,,,,,,,
279,,,,,,,"[228, 167]","[356, 287]","[228, 167]","[228, 167]","[228, 167]","[301, 307]","[301, 307]",,"[542, 120]","[533, 270]","[221, 223]","[436, 270]",,,,,,,,,,,,,,,,,,,,,,,,,,,,,,,,,,,,,,,,,,,,,
280,,,,,,,"[228, 167]","[357, 289]","[228, 167]","[228, 167]","[228, 167]","[304, 310]","[304, 310]",,"[542, 121]","[532, 269]","[222, 224]","[433, 267]",,,,,,,,,,,,,,,,,,,,,,,,,,,,,,,,,,,,,,,,,,,,,
281,,,,,,,"[228, 167]","[357, 289]","[228, 167]","[228, 167]","[228, 167]","[304, 310]","[304, 310]",,"[542, 121]","[532, 269]","[222, 224]","[433, 267]",,,,,,,,,,,,,,,,,,,,,,,,,,,,,,,,,,,,,,,,,,,,,
282,,,,,,,"[229, 168]","[365, 295]","[229, 168]","[229, 168]","[229, 168]","[311, 318]","[311, 318]",,"[542, 121]","[529, 266]","[228, 228]","[421, 260]",,,,,,,,,,,,,,,,,,,,,,,,,,,,,,,,,,,,,,,,,,,,,
283,,,,,,,"[230, 168]","[367, 297]","[230, 168]","[230, 168]","[230, 168]","[313, 321]","[313, 321]",,"[541, 121]","[528, 265]","[228, 230]","[419, 258]",,,,,,,,,,,,,,,,,,,,,,,,,,,,,,,,,,,,,,,,,,,,,
284,,,,,,,"[230, 169]","[370, 299]","[230, 169]","[230, 169]","[230, 169]","[317, 324]","[317, 324]",,"[541, 121]","[527, 264]","[229, 231]","[416, 256]",,,,,,,,,,,,,,,,,,,,,,,,,,,,,,,,,,,,,,,,,,,,,
285,,,,,,,"[231, 169]","[372, 301]","[231, 169]","[231, 169]","[231, 169]","[319, 326]","[319, 326]",,"[542, 121]","[527, 263]","[230, 233]","[411, 253]",,,,,,,,,,,,,,,,,,,,,,,,,,,,,,,,,,,,,,,,,,,,,
286,,,,,,,"[231, 169]","[372, 301]","[231, 169]","[231, 169]","[231, 169]","[319, 326]","[319, 326]",,"[542, 121]","[527, 263]","[230, 233]","[411, 253]",,,,,,,,,,,,,,,,,,,,,,,,,,,,,,,,,,,,,,,,,,,,,
287,,,,,,,"[233, 171]","[379, 308]","[233, 171]","[233, 171]","[233, 171]","[326, 333]","[326, 333]",,"[542, 120]","[524, 260]","[234, 237]","[401, 247]",,,,,,,,,,,,,,,,,,,,,,,,,,,,,,,,,,,,,,,,,,,,,
288,,,,,,,"[233, 171]","[382, 310]","[233, 171]","[233, 171]","[233, 171]","[328, 335]","[328, 335]",,"[542, 120]","[524, 259]","[235, 239]","[398, 244]","[587, 354]",,,,,,,,,,,,,,,,,,,,,,,,,,,,,,,,,,,,,,,,,,,,
289,,,,,,,"[234, 172]","[385, 311]","[234, 172]","[234, 172]","[234, 172]","[330, 336]","[330, 336]",,"[542, 121]","[523, 258]","[236, 240]","[395, 243]","[582, 352]",,,,,,,,,,,,,,,,,,,,,,,,,,,,,,,,,,,,,,,,,,,,
290,,,,,,,"[234, 172]","[387, 314]","[234, 172]","[234, 172]","[234, 172]","[331, 338]","[331, 338]",,"[542, 120]","[523, 257]","[237, 242]","[392, 240]","[578, 350]",,,,,,,,,,,,,,,,,,,,,,,,,,,,,,,,,,,,,,,,,,,,
291,,,,,,,"[235, 173]","[390, 316]","[235, 173]","[235, 173]","[235, 173]","[333, 339]","[333, 339]",,"[542, 120]","[523, 256]","[239, 243]","[390, 238]","[573, 348]",,,,,,,,,,,,,,,,,,,,,,,,,,,,,,,,,,,,,,,,,,,,
292,,,,,,,"[236, 174]","[395, 321]","[236, 174]","[236, 174]","[236, 174]","[337, 341]","[337, 341]",,"[542, 120]","[522, 254]","[242, 245]","[382, 234]","[564, 345]",,,,,,,,,,,,,,,,,,,,,,,,,,,,,,,,,,,,,,,,,,,,
293,,,,,,,"[237, 174]","[398, 323]","[237, 174]","[237, 174]","[237, 174]","[341, 342]","[341, 342]",,"[541, 120]","[521, 254]","[244, 247]","[378, 232]","[558, 342]",,,,,,,,,,,,,,,,,,,,,,,,,,,,,,,,,,,,,,,,,,,,
294,,,,,,,"[237, 175]","[400, 324]","[237, 175]","[237, 175]","[237, 175]","[342, 343]","[342, 343]",,"[541, 121]","[521, 253]","[246, 249]","[375, 229]","[555, 341]",,,,,,,,,,,,,,,,,,,,,,,,,,,,,,,,,,,,,,,,,,,,
295,,,,,,,"[238, 175]","[402, 326]","[238, 175]","[238, 175]","[238, 175]","[345, 344]","[345, 344]",,"[541, 121]","[521, 252]","[247, 251]","[372, 228]","[549, 338]",,,,,,,,,,,,,,,,,,,,,,,,,,,,,,,,,,,,,,,,,,,,
296,,,,,,,"[238, 176]","[404, 327]","[238, 176]","[238, 176]","[238, 176]","[347, 346]","[347, 346]",,"[541, 121]","[521, 251]","[249, 253]","[370, 226]","[545, 336]",,,,,,,,,,,,,,,,,,,,,,,,,,,,,,,,,,,,,,,,,,,,
297,,,,,,,"[239, 177]","[409, 330]","[239, 177]","[239, 177]","[239, 177]","[354, 349]","[354, 349]",,"[541, 121]","[521, 249]","[252, 258]","[366, 222]","[534, 331]",,,,,,,,,,,,,,,,,,,,,,,,,,,,,,,,,,,,,,,,,,,,
298,,,,,,,"[241, 178]","[411, 331]","[241, 178]","[241, 178]","[241, 178]","[358, 350]","[358, 350]",,"[541, 121]","[521, 249]","[254, 259]","[364, 220]","[529, 328]",,,,,,,,,,,,,,,,,,,,,,,,,,,,,,,,,,,,,,,,,,,,
299,,,,,,,"[241, 179]","[415, 333]","[241, 179]","[241, 179]","[241, 179]","[364, 354]","[364, 354]",,"[541, 122]","[522, 247]","[258, 264]","[359, 218]","[517, 320]",,,,,,,,,,,,,,,,,,,,,,,,,,,,,,,,,,,,,,,,,,,,
300,,,,,,,"[242, 179]","[416, 333]","[242, 179]","[242, 179]","[242, 179]","[364, 354]","[364, 354]",,"[540, 122]","[521, 247]","[258, 264]","[359, 217]","[517, 320]",,,,,,,,,,,,,,,,,,,,,,,,,,,,,,,,,,,,,,,,,,,,
301,,,,,,,"[242, 179]","[418, 335]","[242, 179]","[242, 179]","[242, 179]",,,,"[540, 122]","[522, 246]","[259, 266]","[356, 216]","[512, 317]",,,,,,,,,,,,,,,,,,,,,,,,,,,,,,,,,,,,,,,,,,,,
302,,,,,,,"[244, 180]","[423, 337]","[244, 180]","[244, 180]","[244, 180]",,,,"[540, 122]","[522, 245]","[262, 270]","[351, 213]","[501, 309]",,,,,,,,,,,,,,,,,,,,,,,,,,,,,,,,,,,,,,,,,,,,
303,,,,,,,"[244, 181]","[426, 338]","[244, 181]","[244, 181]","[244, 181]",,,,"[540, 122]","[523, 244]","[264, 272]","[349, 213]","[496, 306]",,,,,,,,,,,,,,,,,,,,,,,,,,,,,,,,,,,,,,,,,,,,
304,,,,,,,"[245, 182]","[429, 340]","[245, 182]","[245, 182]","[245, 182]",,,,"[540, 121]","[523, 242]","[267, 277]","[343, 209]","[486, 299]",,,,,,,,,,,,,,,,,,,,,,,,,,,,,,,,,,,,,,,,,,,,
305,,,,,,,"[245, 182]","[429, 340]","[245, 182]","[245, 182]","[245, 182]",,,,"[540, 121]","[523, 242]","[267, 277]","[343, 209]","[486, 299]",,,,,,,,,,,,,,,,,,,,,,,,,,,,,,,,,,,,,,,,,,,,
306,,,,,,,"[245, 182]","[430, 340]","[245, 182]","[245, 182]","[245, 182]",,,,"[540, 121]","[523, 242]","[269, 279]","[342, 208]","[481, 295]",,,,,,,,,,,,,,,,,,,,,,,,,,,,,,,,,,,,,,,,,,,,
307,,,,,,,"[247, 183]","[436, 344]","[247, 183]","[247, 183]","[247, 183]",,,,"[539, 121]","[525, 240]","[273, 283]","[337, 204]","[471, 288]",,,,,,,,,,,,,,,,,,,,,,,,,,,,,,,,,,,,,,,,,,,,
308,,,,,,,"[247, 184]","[441, 345]","[247, 184]","[247, 184]","[247, 184]",,,,"[539, 122]","[525, 239]","[275, 285]","[334, 202]","[467, 286]",,,,,,,,,,,,,,,,,,,,,,,,,,,,,,,,,,,,,,,,,,,,
309,,,,,,,"[248, 184]","[444, 347]","[248, 184]","[248, 184]","[248, 184]",,,,"[539, 122]","[526, 239]","[277, 288]","[332, 201]","[462, 283]",,,,,,,,,,,,,,,,,,,,,,,,,,,,,,,,,,,,,,,,,,,,
310,,,,,,,"[248, 185]","[446, 348]","[248, 185]","[248, 185]","[248, 185]",,,,"[539, 122]","[526, 238]","[279, 290]","[330, 201]","[457, 281]","[212, 265]",,,,,,,,,,,,,,,,,,,,,,,,,,,,,,,,,,,,,,,,,,,
311,,,,,,,"[249, 185]","[449, 349]","[249, 185]","[249, 185]","[249, 185]",,,,"[539, 122]","[527, 238]","[281, 293]","[329, 199]","[453, 278]","[212, 265]",,,,,,,,,,,,,,,,,,,,,,,,,,,,,,,,,,,,,,,,,,,
312,,,,,,,"[250, 187]","[455, 352]","[250, 187]","[250, 187]","[250, 187]",,,,"[538, 122]","[528, 236]","[286, 298]","[325, 196]","[446, 273]",,,,,,,,,,,,,,,,,,,,,,,,,,,,,,,,,,,,,,,,,,,,
313,,,,,,,"[251, 187]","[459, 353]","[251, 187]","[251, 187]","[251, 187]",,,,"[537, 122]","[530, 236]","[288, 300]","[323, 195]","[442, 271]",,,,,,,,,,,,,,,,,,,,,,,,,,,,,,,,,,,,,,,,,,,,
314,,,,,,,"[252, 188]","[464, 355]","[252, 188]","[252, 188]","[252, 188]",,,,"[537, 122]","[530, 235]","[291, 303]","[320, 194]","[438, 267]",,,,,,,,,,,,,,,,,,,,,,,,,,,,,,,,,,,,,,,,,,,,
315,,,,,,,"[252, 189]",,"[252, 189]","[252, 189]","[252, 189]",,,,"[537, 122]","[531, 235]","[293, 306]","[319, 192]","[433, 265]",,,,,,,,,,,,,,,,,,,,,,,,,,,,,,,,,,,,,,,,,,,,
316,,,,,,,"[253, 189]",,"[253, 189]","[253, 189]","[253, 189]",,,,"[538, 122]","[532, 234]","[295, 308]","[317, 192]","[430, 263]",,,,,,,,,,,,,,,,,,,,,,,,,,,,,,,,,,,,,,,,,,,,
317,,,,,,,"[254, 191]",,"[254, 191]","[254, 191]","[254, 191]",,,,"[537, 122]","[534, 233]","[300, 314]","[313, 189]","[422, 258]",,,,,,,,,,,,,,,,,,,,,,,,,,,,,,,,,,,,,,,,,,,,
318,,,,,,,"[255, 192]",,"[255, 192]","[255, 192]","[255, 192]",,,,"[542, 121]","[535, 232]","[303, 317]","[311, 188]","[419, 256]",,,,,,,,,,,,,,,,,,,,,,,,,,,,,,,,,,,,,,,,,,,,
319,,,,,,,"[256, 192]",,"[256, 192]","[256, 192]","[256, 192]",,,,"[535, 122]","[536, 232]","[306, 320]","[310, 187]","[415, 253]",,,,,,,,,,,,,,,,,,,,,,,,,,,,,,,,,,,,,,,,,,,,
320,,,,,,,"[256, 193]",,"[256, 193]","[256, 193]","[256, 193]",,,,"[535, 122]","[537, 231]","[309, 323]","[308, 186]","[412, 252]",,,,,,,,,,,,,,,,,,,,,,,,,,,,,,,,,,,,,,,,,,,,
321,,,,,,,"[257, 193]",,"[257, 193]","[257, 193]","[257, 193]",,,,"[536, 122]","[538, 231]","[311, 326]","[306, 185]","[409, 250]",,,,,,,,,,,,,,,,,,,,,,,,,,,,,,,,,,,,,,,,,,,,
322,,,,,,,"[263, 193]",,"[263, 193]","[263, 193]","[263, 193]",,,,"[541, 121]","[541, 230]","[317, 332]",,"[402, 245]",,,,,,,,,,,,,,,,,,,,,,,,,,,,,,,,,,,,,,,,,,,,
323,,,,,,,"[263, 194]",,"[263, 194]","[263, 194]","[263, 194]",,,,"[540, 122]","[542, 230]","[319, 333]",,"[399, 243]",,,,,,,,,,,,,,,,,,,,,,,,,,,,,,,,,,,,,,,,,,,,
324,,,,,,,"[264, 194]",,"[264, 194]","[264, 194]","[264, 194]",,,,"[540, 122]","[543, 229]","[321, 335]",,"[396, 241]",,,,,,,,,,,,,,,,,,,,,,,,,,,,,,,,,,,,,,,,,,,,
325,,,,,,,"[264, 195]",,"[264, 195]","[264, 195]","[264, 195]",,,,"[539, 122]","[544, 228]","[324, 337]",,"[393, 239]",,,,,,,,,,,,,,,,,,,,,,,,,,,,,,,,,,,,,,,,,,,,
326,,,,,,,"[264, 196]",,"[264, 196]","[264, 196]","[264, 196]",,,,"[534, 122]","[546, 228]","[326, 338]",,"[390, 237]",,,,,,,,,,,,,,,,,,,,,,,,,,,,,,,,,,,,,,,,,,,,
327,,,,,,,"[265, 197]",,"[265, 197]","[265, 197]","[265, 197]",,,,"[533, 122]","[549, 227]","[330, 341]",,"[383, 232]",,,,,,,,,,,,,,,,,,,,,,,,,,,,,,,,,,,,,,,,,,,,
328,,,,,,,"[266, 198]",,"[266, 198]","[266, 198]","[266, 198]",,,,"[533, 122]","[549, 226]","[332, 343]",,"[380, 231]",,,,,,,,,,,,,,,,,,,,,,,,,,,,,,,,,,,,,,,,,,,,
329,,,,,,,"[267, 199]",,"[267, 199]","[267, 199]","[267, 199]",,,,"[533, 122]","[551, 226]","[334, 344]",,"[378, 229]",,,,,,,,,,,,,,,,,,,,,,,,,,,,,,,,,,,,,,,,,,,,
330,,,,,,,"[267, 199]",,"[267, 199]","[267, 199]","[267, 199]",,,,"[533, 122]","[552, 226]","[336, 346]",,"[375, 226]",,,,,,,,,,,,,,,,,,,,,,,,,,,,,,,,,,,,,,,,,,,,
331,,,,,,,"[267, 199]",,"[267, 199]","[267, 199]","[267, 199]",,,,"[533, 122]","[552, 226]","[336, 346]",,"[375, 226]",,,,,,,,,,,,,,,,,,,,,,,,,,,,,,,,,,,,,,,,,,,,
332,,,,,,,"[269, 202]",,"[269, 202]","[269, 202]","[269, 202]",,,,"[533, 121]","[557, 224]","[342, 350]",,"[366, 221]",,,,,,,,,,,,,,,,,,,,,,,,,,,,,,,,,,,,,,,,,,,,
333,,,,,,,"[270, 203]",,"[270, 203]","[270, 203]","[270, 203]",,,,"[533, 121]","[558, 224]","[344, 352]",,"[364, 220]",,,,,,,,,,,,,,,,,,,,,,,,,,,,,,,,,,,,,,,,,,,,
334,,,,,,,"[271, 204]",,"[271, 204]","[271, 204]","[271, 204]",,,,"[538, 121]","[560, 224]","[348, 354]",,"[362, 218]",,,,,,,,,,,,,,,,,,,,,,,,,,,,,,,,,,,,,,,,,,,,
335,,,,,,,"[272, 204]",,"[272, 204]","[272, 204]","[272, 204]",,,,"[532, 121]","[562, 223]",,,"[360, 217]",,,,,,,,,,,,,,,,,,,,,,,,,,,,,,,,,,,,,,,,,,,,
336,,,,,,,"[273, 205]",,"[273, 205]","[273, 205]","[273, 205]",,,,"[532, 122]","[563, 223]",,,"[357, 215]",,,,,,,,,,,,,,,,,,,,,,,,,,,,,,,,,,,,,,,,,,,,
337,,,,,,,"[275, 206]",,"[275, 206]","[275, 206]","[275, 206]",,,,"[531, 122]","[565, 222]",,,"[352, 212]",,,,,,,,,,,,,,,,,,,,,,,,,,,,,,,,,,,,,,,,,,,,
338,,,,,,,"[276, 208]",,"[276, 208]","[276, 208]","[276, 208]",,,,"[531, 121]","[566, 221]",,,"[349, 211]",,"[631, 194]",,,,,,,,,,,,,,,,,,,,,,,,,,,,,,,,,,,,,,,,,,
339,,,,,,,"[277, 208]",,"[277, 208]","[277, 208]","[277, 208]",,,,"[537, 121]","[567, 221]",,,"[347, 209]",,"[630, 193]",,,,,,,,,,,,,,,,,,,,,,,,,,,,,,,,,,,,,,,,,,
340,,,,,,,"[278, 209]",,"[278, 209]","[278, 209]","[278, 209]",,,,"[537, 121]","[568, 221]",,,"[344, 208]",,"[629, 193]",,,,,,,,,,,,,,,,,,,,,,,,,,,,,,,,,,,,,,,,,,
341,,,,,,,"[279, 210]",,"[279, 210]","[279, 210]","[279, 210]",,,,"[537, 121]","[570, 220]",,,"[342, 207]",,"[628, 194]",,,,,,,,,,,,,,,,,,,,,,,,,,,,,,,,,,,,,,,,,,
342,,,,,,,"[282, 216]",,"[282, 216]","[282, 216]","[282, 216]",,,,"[531, 121]","[572, 220]",,,"[338, 204]",,"[626, 195]","[265, 159]",,,,,,,,,,,,,,,,,,,,,,,,,,,,,,,,,,,,,,,,,
343,,,,,,,"[283, 217]",,"[283, 217]","[283, 217]","[283, 217]",,,,"[531, 121]","[573, 219]",,,"[335, 202]",,"[626, 194]","[264, 158]",,,,,,,,,,,,,,,,,,,,,,,,,,,,,,,,,,,,,,,,,
344,,,,,,,"[292, 215]",,"[292, 215]","[292, 215]","[292, 215]",,,,"[530, 121]","[574, 219]",,,,,"[625, 194]","[262, 157]","[600, 354]",,,,,,,,,,,,,,,,,,,,,,,,,,,,,,,,,,,,,,,,
345,,,,,,,"[292, 216]",,"[292, 216]","[292, 216]","[292, 216]",,,,"[530, 120]","[575, 219]",,,,,"[624, 194]","[261, 156]","[601, 353]",,,,,,,,,,,,,,,,,,,,,,,,,,,,,,,,,,,,,,,,
346,,,,,,,"[293, 216]",,"[293, 216]","[293, 216]","[293, 216]",,,,"[529, 121]","[576, 218]",,,,,"[624, 194]","[259, 155]","[596, 351]",,,,,,,,,,,,,,,,,,,,,,,,,,,,,,,,,,,,,,,,
347,,,,,,,"[295, 219]",,"[295, 219]","[295, 219]","[295, 219]",,,,"[535, 121]","[578, 218]",,,,,"[624, 194]","[258, 154]","[588, 347]",,,,,,,,,,,,,,,,,,,,,,,,,,,,,,,,,,,,,,,,
348,,,,,,,"[295, 219]",,"[295, 219]","[295, 219]","[295, 219]",,,,"[535, 121]","[579, 218]",,,,,"[624, 194]","[256, 153]","[584, 345]",,,,,,,,,,,,,,,,,,,,,,,,,,,,,,,,,,,,,,,,
349,,,,,,,"[296, 220]",,"[296, 220]","[296, 220]","[296, 220]",,,,"[530, 121]","[579, 217]",,,,,"[623, 194]","[254, 152]","[580, 343]",,,,,,,,,,,,,,,,,,,,,,,,,,,,,,,,,,,,,,,,
350,,,,,,,"[297, 221]",,"[297, 221]","[297, 221]","[297, 221]",,,,"[529, 121]","[580, 218]",,,,,"[623, 194]","[253, 151]","[574, 341]",,,,,,,,,,,,,,,,,,,,,,,,,,,,,,,,,,,,,,,,
351,,,,,,,"[298, 222]",,"[298, 222]","[298, 222]","[298, 222]",,,,"[529, 121]","[581, 217]",,,,,"[623, 196]","[252, 151]","[570, 339]",,,,,,,,,,,,,,,,,,,,,,,,,,,,,,,,,,,,,,,,
352,,,,,,,"[300, 223]",,"[300, 223]","[300, 223]","[300, 223]",,,,"[535, 121]",,,,,,"[623, 198]","[250, 148]","[558, 335]",,,,,,,,,,,,,,,,,,,,,,,,,,,,,,,,,,,,,,,,
353,,,,,,,"[301, 224]",,"[301, 224]","[301, 224]","[301, 224]",,,,"[536, 121]",,,,,,"[623, 198]","[249, 147]","[553, 333]",,,,,,,,,,,,,,,,,,,,,,,,,,,,,,,,,,,,,,,,
354,,,,,,,"[302, 225]",,"[302, 225]","[302, 225]","[302, 225]",,,,"[535, 121]",,,,,,"[623, 199]","[249, 147]","[549, 331]",,,,,,,,,,,,,,,,,,,,,,,,,,,,,,,,,,,,,,,,
355,,,,,,,"[303, 226]",,"[303, 226]","[303, 226]","[303, 226]",,,,"[530, 121]",,,,,,"[623, 199]","[247, 146]","[543, 329]",,,,,,,,,,,,,,,,,,,,,,,,,,,,,,,,,,,,,,,,
356,,,,,,,"[304, 227]",,"[304, 227]","[304, 227]","[304, 227]",,,,"[530, 121]",,,,,,"[623, 200]","[246, 145]","[538, 326]",,,,,,,,,,,,,,,,,,,,,,,,,,,,,,,,,,,,,,,,
357,,,,,,,"[306, 229]",,"[306, 229]","[306, 229]","[306, 229]",,,,"[529, 121]",,,,,,"[624, 200]","[245, 144]","[527, 319]",,,,,,,,,,,,,,,,,,,,,,,,,,,,,,,,,,,,,,,,
358,,,,,,,"[307, 230]",,"[307, 230]","[307, 230]","[307, 230]",,,,"[533, 121]",,,,,,"[624, 200]",,"[523, 315]","[590, 196]",,,,,,,,,,,,,,,,,,,,,,,,,,,,,,,,,,,,,,,
359,,,,,,,"[308, 231]",,"[308, 231]","[308, 231]","[308, 231]",,,,"[534, 121]",,,,,,"[623, 201]",,"[519, 312]","[589, 196]",,,,,,,,,,,,,,,,,,,,,,,,,,,,,,,,,,,,,,,
360,,,,,,,"[309, 232]",,"[309, 232]","[309, 232]","[309, 232]",,,,,,,,,,"[623, 201]",,"[515, 309]","[588, 196]",,,,,,,,,,,,,,,,,,,,,,,,,,,,,,,,,,,,,,,
361,,,,,,,"[311, 233]",,"[311, 233]","[311, 233]","[311, 233]",,,,,,,,,,"[623, 201]",,"[509, 305]","[588, 196]",,,,,,,,,,,,,,,,,,,,,,,,,,,,,,,,,,,,,,,
362,,,,,,,"[313, 235]",,"[313, 235]","[313, 235]","[313, 235]",,,,,,,,,,"[624, 201]",,"[498, 298]","[586, 197]",,,,,,,,,,,,,,,,,,,,,,,,,,,,,,,,,,,,,,,
363,,,,,,,"[314, 236]",,"[314, 236]","[314, 236]","[314, 236]",,,,,,,,,,"[624, 201]",,"[492, 294]","[585, 196]","[517, 122]",,,,,,,,,,,,,,,,,,,,,,,,,,,,,,,,,,,,,,
364,,,,,,,"[316, 237]",,"[316, 237]","[316, 237]","[316, 237]",,,,,,,,,,"[623, 202]",,"[486, 291]","[585, 196]","[518, 122]",,,,,,,,,,,,,,,,,,,,,,,,,,,,,,,,,,,,,,
365,,,,,,,"[317, 238]",,"[317, 238]","[317, 238]","[317, 238]",,,,,,,,,,"[624, 202]",,"[480, 288]","[584, 196]","[517, 121]",,,,,,,,,,,,,,,,,,,,,,,,,,,,,,,,,,,,,,
366,,,,,,,"[318, 239]",,"[318, 239]","[318, 239]","[318, 239]",,,,,,,,,,"[623, 202]",,"[476, 284]","[584, 196]",,"[548, 121]",,,,,,,,,,,,,,,,,,,,,,,,,,,,,,,,,,,,,
367,,,,,,,"[321, 242]",,"[321, 242]","[321, 242]","[321, 242]",,,,,,,,,,"[623, 203]",,"[466, 279]","[583, 196]",,,,,,,,,,,,,,,,,,,,,,,,,,,,,,,,,,,,,,,
368,,,,,,,"[323, 243]",,"[323, 243]","[323, 243]","[323, 243]",,,,,,,,,,"[623, 203]",,"[462, 277]","[582, 196]",,,"[210, 265]",,,,,,,,,,,,,,,,,,,,,,,,,,,,,,,,,,,,
369,,,,,,,"[325, 245]",,"[325, 245]","[325, 245]","[325, 245]",,,,,,,,,,"[623, 202]",,"[455, 272]","[581, 197]",,,"[209, 265]",,,,,,,,,,,,,,,,,,,,,,,,,,,,,,,,,,,,
370,,,,,,,"[325, 245]",,"[325, 245]","[325, 245]","[325, 245]",,,,,,,,,,"[623, 202]",,"[455, 272]","[581, 197]",,,"[209, 265]",,,,,,,,,,,,,,,,,,,,,,,,,,,,,,,,,,,,
371,,,,,,,"[331, 252]",,"[331, 252]","[331, 252]","[331, 252]",,,,,,,,,,"[616, 196]",,"[450, 269]","[580, 197]",,,,"[277, 164]",,,,,,,,,,,,,,,,,,,,,,,,,,,,,,,,,,,
372,,,,,,,"[334, 255]",,"[334, 255]","[334, 255]","[334, 255]",,,,,,,,,,"[615, 196]",,"[443, 264]","[579, 197]",,,,"[274, 162]","[515, 122]",,,,,,,,,,,,,,,,,,,,,,,,,,,,,,,,,,
373,,,,,,,"[336, 256]",,"[336, 256]","[336, 256]","[336, 256]",,,,,,,,,,"[614, 197]",,"[439, 262]","[579, 197]",,,,"[273, 161]","[525, 122]",,,,,,,,,,,,,,,,,,,,,,,,,,,,,,,,,,
374,,,,,,,"[338, 258]",,"[338, 258]","[338, 258]","[338, 258]",,,,,,,,,,,,"[436, 260]","[578, 197]",,,,"[271, 160]","[524, 123]",,,,,,,,,,,,,,,,,,,,,,,,,,,,,,,,,,
375,,,,,,,"[340, 260]",,"[340, 260]","[340, 260]","[340, 260]",,,,,,,,,,,,"[432, 257]","[577, 197]",,,,"[270, 159]","[515, 122]",,,,,,,,,,,,,,,,,,,,,,,,,,,,,,,,,,
376,,,,,,,"[341, 261]",,"[341, 261]","[341, 261]","[341, 261]",,,,,,,,,,,,"[428, 255]","[577, 197]",,,,"[268, 158]","[515, 122]",,,,,,,,,,,,,,,,,,,,,,,,,,,,,,,,,,
377,,,,,,,"[345, 264]",,"[345, 264]","[345, 264]","[345, 264]",,,,,,,,,,,,"[420, 250]","[576, 197]",,,,"[266, 157]","[515, 121]",,,,,,,,,,,,,,,,,,,,,,,,,,,,,,,,,,
378,,,,,,,"[361, 265]",,"[361, 265]","[361, 265]","[361, 265]",,,,,,,,,,,,,"[574, 197]",,,,"[264, 156]","[515, 121]","[281, 193]",,,,,,,,,,,,,,,,,,,,,,,,,,,,,,,,,
379,,,,,,,"[359, 264]",,"[359, 264]","[359, 264]","[359, 264]",,,,,,,,,,,,,"[574, 197]",,,,"[263, 155]","[515, 121]",,,,,,,,,,,,,,,,,,,,,,,,,,,,,,,,,,
380,,,,,,,"[359, 265]",,"[359, 265]","[359, 265]","[359, 265]",,,,,,,,,,,,,"[573, 198]",,,,"[262, 154]","[515, 121]",,,,,,,,,,,,,,,,,,,,,,,,,,,,,,,,,,
381,,,,,,,"[365, 272]",,"[365, 272]","[365, 272]","[365, 272]",,,,,,,,,,,,,"[572, 198]",,,,"[260, 153]","[516, 121]",,"[291, 200]",,,,,,,,,,,,,,,,,,,,,,,,,,,,,,,,
382,,,,,,,"[366, 278]",,"[366, 278]","[366, 278]","[366, 278]",,,,,,,,,,,,,"[571, 198]",,,,"[258, 152]","[515, 121]",,"[292, 200]","[399, 226]",,,,,,,,,,,,,,,,,,,,,,,,,,,,,,,
383,,,,,,,"[368, 280]",,"[368, 280]","[368, 280]","[368, 280]",,,,,,,,,,,,,"[571, 198]",,,,"[257, 151]","[515, 121]",,"[292, 200]","[396, 224]",,,,,,,,,,,,,,,,,,,,,,,,,,,,,,,
384,,,,,,,"[370, 282]",,"[370, 282]","[370, 282]","[370, 282]",,,,,,,,,,,,,"[570, 198]",,,,"[256, 151]","[514, 121]",,"[292, 201]","[393, 223]",,,,,,,,,,,,,,,,,,,,,,,,,,,,,,,
385,,,,,,,"[371, 285]",,"[371, 285]","[371, 285]","[371, 285]",,,,,,,,,,,,,"[570, 198]",,,,"[254, 150]","[514, 121]",,"[292, 200]","[390, 221]",,,,,,,,,,,,,,,,,,,,,,,,,,,,,,,
386,,,,,,,"[374, 283]",,"[374, 283]","[374, 283]","[374, 283]",,,,,,,,,,,,,"[569, 198]",,,,"[253, 149]","[514, 121]",,"[292, 201]",,,,,,,,,,,,,,,,,,,,,,,,,,,,,,,,
387,,,,,,,"[378, 285]",,"[378, 285]","[378, 285]","[378, 285]",,,,,,,,,,,,,"[568, 198]",,,,"[250, 147]","[513, 121]",,"[292, 201]",,,,,,,,,,,,,,,,,,,,,,,,,,,,,,,,
388,,,,,,,"[379, 286]",,"[379, 286]","[379, 286]","[379, 286]",,,,,,,,,,,,,"[567, 198]",,,,"[249, 146]","[513, 121]",,"[292, 201]",,,,,,,,,,,,,,,,,,,,,,,,,,,,,,,,
389,,,,,,,"[381, 287]",,"[381, 287]","[381, 287]","[381, 287]",,,,,,,,,,,,,"[567, 198]",,,,"[248, 146]","[513, 121]",,"[292, 201]",,,,,,,,,,,,,,,,,,,,,,,,,,,,,,,,
390,,,,,,,"[383, 289]",,"[383, 289]","[383, 289]","[383, 289]",,,,,,,,,,,,,"[566, 198]",,,,"[247, 145]","[513, 121]",,"[294, 202]",,,,,,,,,,,,,,,,,,,,,,,,,,,,,,,,
391,,,,,,,"[385, 290]",,"[385, 290]","[385, 290]","[385, 290]",,,,,,,,,,,,,"[566, 198]",,,,"[246, 144]","[512, 121]",,"[294, 202]",,,,,,,,,,,,,,,,,,,,,,,,,,,,,,,,
392,,,,,,,"[388, 292]",,"[388, 292]","[388, 292]","[388, 292]",,,,,,,,,,,,,"[565, 198]",,,,"[243, 143]","[512, 121]",,"[295, 203]",,,,,,,,,,,,,,,,,,,,,,,,,,,,,,,,
393,,,,,,,"[392, 300]",,"[392, 300]","[392, 300]","[392, 300]",,,,,,,,,,,,,"[564, 199]",,,,"[242, 142]","[513, 121]",,"[294, 203]",,"[366, 214]",,,,,,,,,,,,,,,,,,,,,,,,,,,,,,
394,,,,,,,"[396, 302]",,"[396, 302]","[396, 302]","[396, 302]",,,,,,,,,,,,,"[563, 199]",,,,"[240, 140]","[512, 121]",,"[296, 204]",,"[362, 212]",,,,,,,,,,,,,,,,,,,,,,,,,,,,,,
395,,,,,,,"[396, 302]",,"[396, 302]","[396, 302]","[396, 302]",,,,,,,,,,,,,"[563, 199]",,,,"[240, 140]","[512, 121]",,"[296, 204]",,"[362, 212]",,,,,,,,,,,,,,,,,,,,,,,,,,,,,,
396,,,,,,,"[398, 302]",,"[398, 302]","[398, 302]","[398, 302]",,,,,,,,,,,,,"[562, 199]",,,,"[239, 139]","[512, 121]",,"[295, 203]",,"[359, 210]",,,,,,,,,,,,,,,,,,,,,,,,,,,,,,
397,,,,,,,"[401, 304]",,"[401, 304]","[401, 304]","[401, 304]",,,,,,,,,,,,,"[561, 199]",,,,"[237, 139]","[512, 121]",,"[298, 206]",,"[352, 207]",,,,,,,,,,,,,,,,,,,,,,,,,,,,,,
398,,,,,,,"[403, 305]",,"[403, 305]","[403, 305]","[403, 305]",,,,,,,,,,,,,"[561, 199]",,,,"[236, 138]","[512, 121]",,"[300, 207]",,"[350, 206]",,,,,,,,,,,,,,,,,,,,,,,,,,,,,,
399,,,,,,,"[406, 306]",,"[406, 306]","[406, 306]","[406, 306]",,,,,,,,,,,,,"[560, 199]",,,,"[235, 137]","[513, 121]",,"[300, 207]",,"[351, 207]",,,,,,,,,,,,,,,,,,,,,,,,,,,,,,
400,,,,,,,"[408, 308]",,"[408, 308]","[408, 308]","[408, 308]",,,,,,,,,,,,,"[560, 199]",,,,"[234, 137]","[514, 121]",,"[301, 207]",,"[345, 203]",,,,,,,,,,,,,,,,,,,,,,,,,,,,,,
401,,,,,,,"[411, 309]",,"[411, 309]","[411, 309]","[411, 309]",,,,,,,,,,,,,"[559, 199]",,,,"[233, 136]","[514, 121]",,"[301, 207]",,"[341, 210]",,,,,,,,,,,,,,,,,,,,,,,,,,,,,,
402,,,,,,,"[415, 311]",,"[415, 311]","[415, 311]","[415, 311]",,,,,,,,,,,,,"[558, 199]",,,,"[231, 135]",,,"[301, 207]",,"[337, 199]",,,,,,,,,,,,,,,,,,,,,,,,,,,,,,
403,,,,,,,"[417, 312]",,"[417, 312]","[417, 312]","[417, 312]",,,,,,,,,,,,,"[557, 199]",,,,"[230, 134]",,,"[301, 207]",,"[334, 197]",,,,,,,,,,,,,,,,,,,,,,,,,,,,,,
404,,,,,,,"[422, 314]",,"[422, 314]","[422, 314]","[422, 314]",,,,,,,,,,,,,"[556, 200]",,,,"[228, 133]",,,"[322, 198]",,"[322, 198]","[515, 121]",,,,,,,,,,,,,,,,,,,,,,,,,,,,,
405,,,,,,,"[422, 314]",,"[422, 314]","[422, 314]","[422, 314]",,,,,,,,,,,,,"[556, 200]",,,,"[228, 133]",,,"[323, 198]",,"[323, 198]","[513, 121]",,,,,,,,,,,,,,,,,,,,,,,,,,,,,
406,,,,,,,"[425, 315]",,"[425, 315]","[425, 315]","[425, 315]",,,,,,,,,,,,,"[556, 200]",,,,"[227, 132]",,,"[321, 197]",,"[321, 197]","[517, 120]",,,,,,,,,,,,,,,,,,,,,,,,,,,,,
407,,,,,,,"[430, 318]",,"[430, 318]","[430, 318]","[430, 318]",,,,,,,,,,,,,"[555, 200]",,,,"[225, 131]",,,"[321, 194]",,"[321, 194]","[520, 121]",,,,,,,,,,,,,,,,,,,,,,,,,,,,,
408,,,,,,,"[433, 319]",,"[433, 319]","[433, 319]","[433, 319]",,,,,,,,,,,,,"[554, 199]",,,,"[224, 130]",,,"[318, 194]",,"[318, 194]","[519, 121]",,,,,,,,,,,,,,,,,,,,,,,,,,,,,
409,,,,,,,"[435, 320]",,"[435, 320]","[435, 320]","[435, 320]",,,,,,,,,,,,,"[553, 199]",,,,"[223, 130]",,,"[319, 192]",,"[319, 192]","[512, 121]",,,,,,,,,,,,,,,,,,,,,,,,,,,,,
410,,,,,,,"[438, 321]",,"[438, 321]","[438, 321]","[438, 321]",,,,,,,,,,,,,"[553, 199]",,,,"[222, 129]",,,"[317, 191]",,"[317, 191]","[513, 121]",,,,,,,,,,,,,,,,,,,,,,,,,,,,,
411,,,,,,,"[440, 322]",,"[440, 322]","[440, 322]","[440, 322]",,,,,,,,,,,,,"[552, 200]",,,,"[221, 128]",,,"[315, 190]",,"[315, 190]","[513, 121]",,,,,,,,,,,,,,,,,,,,,,,,,,,,,
412,,,,,,,"[445, 325]",,"[445, 325]","[445, 325]","[445, 325]",,,,,,,,,,,,,"[552, 199]",,,,"[219, 127]",,,"[314, 184]",,"[314, 184]","[514, 120]",,,,,,,,,,,,,,,,,,,,,,,,,,,,,
413,,,,,,,"[450, 327]",,"[450, 327]","[450, 327]","[450, 327]",,,,,,,,,,,,,"[552, 200]",,,,"[217, 126]",,,"[311, 182]",,"[311, 182]","[514, 120]",,,,,,,,,,,,,,,,,,,,,,,,,,,,,
414,,,,,,,"[450, 327]",,"[450, 327]","[450, 327]","[450, 327]",,,,,,,,,,,,,"[552, 200]",,,,"[217, 126]",,,"[310, 182]",,"[310, 182]","[514, 120]",,,,,,,,,,,,,,,,,,,,,,,,,,,,,
415,,,,,,,"[452, 328]",,"[452, 328]","[452, 328]","[452, 328]",,,,,,,,,,,,,"[551, 200]",,,,"[216, 126]",,,"[309, 181]",,"[309, 181]","[513, 120]",,,,,,,,,,,,,,,,,,,,,,,,,,,,,
416,,,,,,,"[454, 329]",,"[454, 329]","[454, 329]","[454, 329]",,,,,,,,,,,,,"[550, 200]",,,,"[216, 125]",,,"[306, 180]",,"[306, 180]","[513, 120]",,,,,,,,,,,,,,,,,,,,,,,,,,,,,
417,,,,,,,"[458, 331]",,"[458, 331]","[458, 331]","[458, 331]",,,,,,,,,,,,,"[550, 200]",,,,"[214, 124]",,,"[303, 177]",,"[303, 177]",,,,,,,,,,,,,,,,,,,,,,,,,,,,,,
418,,,,,,,"[460, 332]",,"[460, 332]","[460, 332]","[460, 332]",,,,,,,,,,,,,"[549, 200]",,,,"[213, 124]",,,"[301, 176]",,"[301, 176]",,"[513, 121]",,,,,,,,,,,,,,,,,,,,,,,,,,,,
419,,,,,,,"[462, 333]",,"[462, 333]","[462, 333]","[462, 333]",,,,,,,,,,,,,"[549, 200]",,,,"[212, 123]",,,"[301, 175]",,"[301, 175]",,"[513, 121]",,,,,,,,,,,,,,,,,,,,,,,,,,,,
420,,,,,,,"[465, 334]",,"[465, 334]","[465, 334]","[465, 334]",,,,,,,,,,,,,"[549, 200]",,,,"[211, 123]",,,"[298, 174]",,"[298, 174]",,,,,,,,,,,,,,,,,,,,,,,,,,,,,,
421,,,,,,,"[468, 335]",,"[468, 335]","[468, 335]","[468, 335]",,,,,,,,,,,,,"[549, 200]",,,,,,,"[296, 173]",,"[296, 173]",,,,,,,,,,,,,,,,,,,,,,,,,,,,,,
422,,,,,,,"[473, 337]",,"[473, 337]","[473, 337]","[473, 337]",,,,,,,,,,,,,"[549, 200]",,,,,,,"[293, 171]",,"[293, 171]",,,"[209, 121]",,,,,,,,,,,,,,,,,,,,,,,,,,,
423,,,,,,,"[476, 339]",,"[476, 339]","[476, 339]","[476, 339]",,,,,,,,,,,,,"[548, 200]",,,,,,,"[292, 170]",,"[292, 170]",,,"[208, 120]",,,,,,,,,,,,,,,,,,,,,,,,,,,
424,,,,,,,"[479, 340]",,"[479, 340]","[479, 340]","[479, 340]",,,,,,,,,,,,,"[548, 200]",,,,,,,"[290, 169]",,"[290, 169]",,,,"[512, 120]",,,,,,,,,,,,,,,,,,,,,,,,,,
425,,,,,,,"[482, 341]",,"[482, 341]","[482, 341]","[482, 341]",,,,,,,,,,,,,"[548, 200]",,,,,,,"[289, 168]",,"[289, 168]",,,,"[512, 120]",,,,,,,,,,,,,,,,,,,,,,,,,,
426,,,,,,,"[485, 342]",,"[485, 342]","[485, 342]","[485, 342]",,,,,,,,,,,,,"[547, 200]",,,,,,,"[288, 166]",,"[288, 166]",,,,"[512, 120]",,,,,,,,,,,,,,,,,,,,,,,,,,
427,,,,,,,"[492, 345]",,"[492, 345]","[492, 345]","[492, 345]",,,,,,,,,,,,,"[547, 200]",,,,,,,"[285, 165]",,"[285, 165]",,,,"[512, 120]",,,,,,,,,,,,,,,,,,,,,,,,,,
428,,,,,,,"[496, 346]",,"[496, 346]","[496, 346]","[496, 346]",,,,,,,,,,,,,"[547, 200]",,,,,,,"[282, 163]",,"[282, 163]",,,,"[511, 120]",,,,,,,,,,,,,,,,,,,,,,,,,,
429,,,,,,,"[499, 348]",,"[499, 348]","[499, 348]","[499, 348]",,,,,,,,,,,,,"[547, 200]",,,,,,,"[282, 163]",,"[282, 163]",,,,,,,,,,,,,,,,,,,,,,,,,,,,,,
430,,,,,,,"[503, 349]",,"[503, 349]","[503, 349]","[503, 349]",,,,,,,,,,,,,"[546, 200]",,,,,,,"[279, 162]",,"[279, 162]",,,,,,,,,,,,,,,,,,,,,,,,,,,,,,
431,,,,,,,"[507, 351]",,"[507, 351]","[507, 351]","[507, 351]",,,,,,,,,,,,,"[547, 200]",,,,,,,"[278, 161]",,"[278, 161]",,,,,,,,,,,,,,,,,,,,,,,,,,,,,,
432,,,,,,,"[520, 354]",,"[520, 354]","[520, 354]","[520, 354]",,,,,,,,,,,,,"[547, 200]",,,,,,,"[275, 159]",,"[275, 159]",,,,,,,,,,,,,,,,,,,,,,,,,,,,,,
433,,,,,,,,,,,,,,,,,,,,,,,,"[546, 200]",,,,,,,"[273, 159]",,"[273, 159]",,,,,,,,,,,,,,,,,,,,,,,,,,,,,,
434,,,,,,,,,,,,,,,,,,,,,,,,"[546, 200]",,,,,,,"[272, 157]",,"[272, 157]",,,,,,,,,,,,,,,,,,,,,,,,,,,,,,
435,,,,,,,,,,,,,,,,,,,,,,,,"[546, 200]",,,,,,,"[271, 157]",,"[271, 157]",,,,,,,,,,,,,,,,,,,,,,,,,,,,,,
436,,,,,,,,,,,,,,,,,,,,,,,,"[546, 200]",,,,,,,"[269, 156]",,"[269, 156]",,,,,,,,,,,,,,,,,,,,,,,,,,,,,,
437,,,,,,,,,,,,,,,,,,,,,,,,"[546, 200]",,,,,,,"[266, 154]",,"[266, 154]",,,,,,,,,,,,,,,,,,,,,,,,,,,,,,
438,,,,,,,,,,,,,,,,,,,,,,,,"[545, 200]",,,,,,,"[265, 154]",,"[265, 154]",,,,,,,,,,,,,,,,,,,,,,,,,,,,,,
439,,,,,,,,,,,,,,,,,,,,,,,,"[545, 200]",,,,,,,"[264, 153]",,"[264, 153]",,,,,,,,,,,,,,,,,,,,,,,,,,,,,,
440,,,,,,,,,,,,,,,,,,,,,,,,"[545, 200]",,,,,,,"[262, 152]",,"[262, 152]",,,,,,,,,,,,,,,,,,,,,,,,,,,,,,
441,,,,,,,,,,,,,,,,,,,,,,,,"[544, 200]",,,,,,,"[261, 152]",,"[261, 152]",,,,,,,,,,,,,,,,,,,,,,,,,,,,,,
442,,,,,,,,,,,,,,,,,,,,,,,,"[544, 200]",,,,,,,"[258, 149]",,"[258, 149]",,,,,,,,,,,,,,,,,,,,,,,,,,,,,,
443,,,,,,,,,,,,,,,,,,,,,,,,"[543, 200]",,,,,,,"[257, 149]",,"[257, 149]",,,,,,,,,,,,,,,,,,,,,,,,,,,,,,
444,,,,,,,,,,,,,,,,,,,,,,,,"[543, 199]",,,,,,,"[254, 147]",,"[254, 147]",,,,,,,,,,,,,,,,,,,,,,,,,,,,,,
445,,,,,,,,,,,,,,,,,,,,,,,,"[543, 200]",,,,,,,"[254, 147]",,"[254, 147]",,,,,,,,,,,,,,,,,,,,,,,,,,,,,,
446,,,,,,,,,,,,,,,,,,,,,,,,"[537, 199]",,,,,,,"[254, 146]",,"[254, 146]",,,,,,,,,,,,,,,,,,,,,,,,,,,,,,
447,,,,,,,,,,,,,,,,,,,,,,,,"[542, 199]",,,,,,,"[251, 145]",,"[251, 145]",,,,,"[506, 121]",,,,,,,,,,,,,,,,,,,,,,,,,
448,,,,,,,,,,,,,,,,,,,,,,,,"[537, 199]",,,,,,,"[250, 144]",,"[250, 144]",,,,,,,,,,,,,,,,,,,,,,,,,,,,,,
449,,,,,,,,,,,,,,,,,,,,,,,,"[537, 199]",,,,,,,"[249, 144]",,"[249, 144]",,,,,,,,,,,,,,,,,,,,,,,,,,,,,,
450,,,,,,,,,,,,,,,,,,,,,,,,"[536, 199]",,,,,,,"[246, 143]",,"[246, 143]",,,,,,"[503, 120]",,,,,,,,,,,,,,,,,,,,,,,,
451,,,,,,,,,,,,,,,,,,,,,,,,"[536, 200]",,,,,,,"[246, 142]",,"[246, 142]",,,,,,"[504, 120]",,,,,,,,,,,,,,,,,,,,,,,,
452,,,,,,,,,,,,,,,,,,,,,,,,"[537, 199]",,,,,,,"[243, 140]",,"[243, 140]",,,,,,"[506, 120]",,,,,,,,,,,,,,,,,,,,,,,,
453,,,,,,,,,,,,,,,,,,,,,,,,"[536, 199]",,,,,,,"[243, 140]",,"[243, 140]",,,,,,,,,,,,,,,,,,,,,,,,,,,,,,
454,,,,,,,,,,,,,,,,,,,,,,,,"[533, 200]",,,,,,,"[241, 139]",,"[241, 139]",,,,,,,,,,,,,,,,,,,,,,,,,,,,,,
455,,,,,,,,,,,,,,,,,,,,,,,,"[533, 200]",,,,,,,"[241, 139]",,"[241, 139]",,,,,,,,,,,,,,,,,,,,,,,,,,,,,,
456,,,,,,,,,,,,,,,,,,,,,,,,"[532, 200]",,,,,,,"[239, 138]",,"[239, 138]",,,,,,,,,,,,,,,,,,,,,,,,,,,,,,
457,,,,,,,,,,,,,,,,,,,,,,,,"[532, 200]",,,,,,,"[237, 137]",,"[237, 137]",,,,,,,,,,,,,,,,,,,,,,,,,,,,,,
458,,,,,,,,,,,,,,,,,,,,,,,,"[532, 200]",,,,,,,"[235, 136]",,"[235, 136]",,,,,,,,,,,,,,,,,,,,,,,,,,,,,,
459,,,,,,,,,,,,,,,,,,,,,,,,"[531, 201]",,,,,,,"[235, 136]",,"[235, 136]",,,,,,,,,,,,,,,,,,,,,,,,,,,,,,
460,,,,,,,,,,,,,,,,,,,,,,,,"[530, 201]",,,,,,,"[235, 135]",,"[235, 135]",,,,,,,,,,,,,,,,,,,,,,,,,,,,,,
461,,,,,,,,,,,,,,,,,,,,,,,,"[528, 203]",,,,,,,"[233, 134]",,"[233, 134]",,,,,,,"[502, 119]",,,,,,,,,,,,,,,,,,,,,,,
462,,,,,,,,,,,,,,,,,,,,,,,,"[527, 204]",,,,,,,"[230, 133]",,"[230, 133]",,,,,,,"[502, 119]",,,,,,,,,,,,,,,,,,,,,,,
463,,,,,,,,,,,,,,,,,,,,,,,,"[527, 204]",,,,,,,"[230, 133]",,"[230, 133]",,,,,,,"[501, 119]",,,,,,,,,,,,,,,,,,,,,,,
464,,,,,,,,,,,,,,,,,,,,,,,,"[527, 204]",,,,,,,"[229, 132]",,"[229, 132]",,,,,,,"[502, 119]",,,,,,,,,,,,,,,,,,,,,,,
465,,,,,,,,,,,,,,,,,,,,,,,,"[527, 204]",,,,,,,"[228, 131]",,"[228, 131]",,,,,,,"[502, 119]",,,,,,,,,,,,,,,,,,,,,,,
466,,,,,,,,,,,,,,,,,,,,,,,,"[525, 203]",,,,,,,"[227, 130]",,"[227, 130]",,,,,,,"[501, 119]",,,,,,,,,,,,,,,,,,,,,,,
467,,,,,,,,,,,,,,,,,,,,,,,,"[524, 203]",,,,,,,"[225, 130]",,"[225, 130]",,,,,,,,,,,,,,,,,,,,,,,,,,,,,,
468,,,,,,,,,,,,,,,,,,,,,,,,"[523, 203]",,,,,,,"[224, 129]",,"[224, 129]",,,,,,,,"[584, 353]",,,,,,,,,,,,,,,,,,,,,,
469,,,,,,,,,,,,,,,,,,,,,,,,,,,,,,,"[221, 127]",,"[221, 127]",,,,,,,,"[574, 349]",,,,,,,,,,,,,,,,,,,,,,
470,,,,,,,,,,,,,,,,,,,,,,,,,,,,,,,"[221, 127]",,"[221, 127]",,,,,,,,"[574, 349]",,,,,,,,,,,,,,,,,,,,,,
471,,,,,,,,,,,,,,,,,,,,,,,,,,,,,,,"[220, 127]",,"[220, 127]",,,,,,,,"[578, 349]",,,,,,,,,,,,,,,,,,,,,,
472,,,,,,,,,,,,,,,,,,,,,,,,,,,,,,,"[218, 125]",,"[218, 125]",,,,,,,,"[566, 345]","[499, 120]",,,,,,,,,,,,,,,,,,,,,
473,,,,,,,,,,,,,,,,,,,,,,,,,,,,,,,"[218, 125]",,"[218, 125]",,,,,,,,"[562, 343]",,,,,,,,,,,,,,,,,,,,,,
474,,,,,,,,,,,,,,,,,,,,,,,,,,,,,,,"[217, 125]",,"[217, 125]",,,,,,,,"[559, 342]",,"[500, 120]",,,,,,,,,,,,,,,,,,,,
475,,,,,,,,,,,,,,,,,,,,,,,,,,,,,,,"[216, 124]",,"[216, 124]",,,,,,,,"[556, 341]",,,,,,,,,,,,,,,,,,,,,,
476,,,,,,,,,,,,,,,,,,,,,,,,,,,,,,,"[215, 124]",,"[215, 124]",,,,,,,,"[553, 339]",,,,,,,,,,,,,,,,,,,,,,
477,,,,,,,,,,,,,,,,,,,,,,,,,,,,,,,"[213, 122]",,"[213, 122]",,,,,,,,"[547, 336]",,,,,,,,,,,,,,,,,,,,,,
478,,,,,,,,,,,,,,,,,,,,,,,,,,,,,,,"[213, 122]",,"[213, 122]",,,,,,,,"[542, 333]",,,"[499, 119]",,,,,,,,,,,,,,,,,,,
479,,,,,,,,,,,,,,,,,,,,,,,,,,,,,,,"[212, 122]",,"[212, 122]",,,,,,,,"[539, 332]",,,"[499, 119]",,,,,,,,,,,,,,,,,,,
480,,,,,,,,,,,,,,,,,,,,,,,,,,,,,,,"[211, 121]",,"[211, 121]",,,,,,,,"[536, 330]",,,"[499, 119]",,,,,,,,,,,,,,,,,,,
481,,,,,,,,,,,,,,,,,,,,,,,,,,,,,,,"[210, 120]",,"[210, 120]",,,,,,,,"[533, 329]",,,"[492, 119]",,,,,,,,,,,,,,,,,,,
482,,,,,,,,,,,,,,,,,,,,,,,,,,,,,,,"[208, 119]",,"[208, 119]",,,,,,,,"[523, 324]",,,"[492, 119]",,,,,,,,,,,,,,,,,,,
483,,,,,,,,,,,,,,,,,,,,,,,,,,,,,,,"[208, 119]",,"[208, 119]",,,,,,,,"[518, 321]",,,"[492, 119]",,,,,,,,,,,,,,,,,,,
484,,,,,,,,,,,,,,,,,,,,,,,,,,,,,,,"[207, 118]",,"[207, 118]",,,,,,,,"[515, 318]",,,"[490, 118]",,,,,,,,,,,,,,,,,,,
485,,,,,,,,,,,,,,,,,,,,,,,,,,,,,,,"[206, 118]",,"[206, 118]",,,,,,,,"[507, 313]",,,"[489, 118]",,,,,,,,,,,,,,,,,,,
486,,,,,,,,,,,,,,,,,,,,,,,,,,,,,,,"[206, 117]",,"[206, 117]",,,,,,,,"[502, 310]",,,"[491, 119]",,,,,,,,,,,,,,,,,,,
487,,,,,,,,,,,,,,,,,,,,,,,,,,,,,,,"[203, 117]",,"[203, 117]",,,,,,,,"[493, 304]",,,"[491, 119]",,,,,,,,,,,,,,,,,,,
488,,,,,,,,,,,,,,,,,,,,,,,,,,,,,,,,,,,,,,,,,"[488, 300]",,,"[490, 119]",,,,,,,,,,,,,,,,,,,
489,,,,,,,,,,,,,,,,,,,,,,,,,,,,,,,,,,,,,,,,,"[483, 296]",,,"[491, 119]","[202, 116]",,,,,,,,,,,,,,,,,,
490,,,,,,,,,,,,,,,,,,,,,,,,,,,,,,,,,,,,,,,,,"[479, 293]",,,"[490, 119]","[202, 115]",,,,,,,,,,,,,,,,,,
491,,,,,,,,,,,,,,,,,,,,,,,,,,,,,,,,,,,,,,,,,"[475, 290]",,,"[489, 119]",,,,,,,,,,,,,,,,,,,
492,,,,,,,,,,,,,,,,,,,,,,,,,,,,,,,,,,,,,,,,,"[464, 283]",,,"[488, 118]",,,,,,,,,,,,,,,,,,,
493,,,,,,,,,,,,,,,,,,,,,,,,,,,,,,,,,,,,,,,,,"[458, 280]",,,"[488, 118]",,,,,,,,,,,,,,,,,,,
494,,,,,,,,,,,,,,,,,,,,,,,,,,,,,,,,,,,,,,,,,"[456, 279]",,,"[488, 118]",,,,,,,,,,,,,,,,,,,
495,,,,,,,,,,,,,,,,,,,,,,,,,,,,,,,,,,,,,,,,,"[453, 276]",,,"[487, 118]",,,,,,,,,,,,,,,,,,,
496,,,,,,,,,,,,,,,,,,,,,,,,,,,,,,,,,,,,,,,,,"[449, 274]",,,"[487, 118]",,,,,,,,,,,,,,,,,,,
497,,,,,,,,,,,,,,,,,,,,,,,,,,,,,,,,,,,,,,,,,"[442, 269]",,,"[487, 119]",,,,,,,,,,,,,,,,,,,
498,,,,,,,,,,,,,,,,,,,,,,,,,,,,,,,,,,,,,,,,,"[438, 267]",,,"[484, 118]",,,,,,,,,,,,,,,,,,,
499,,,,,,,,,,,,,,,,,,,,,,,,,,,,,,,,,,,,,,,,,"[434, 264]",,,"[486, 118]",,,,,,,,,,,,,,,,,,,
500,,,,,,,,,,,,,,,,,,,,,,,,,,,,,,,,,,,,,,,,,"[431, 262]",,,"[483, 118]",,,,,,,,,,,,,,,,,,,
501,,,,,,,,,,,,,,,,,,,,,,,,,,,,,,,,,,,,,,,,,"[428, 260]",,,"[483, 118]",,,,,,,,,,,,,,,,,,,
502,,,,,,,,,,,,,,,,,,,,,,,,,,,,,,,,,,,,,,,,,"[419, 255]",,,"[483, 118]",,,,,,,,,,,,,,,,,,,
503,,,,,,,,,,,,,,,,,,,,,,,,,,,,,,,,,,,,,,,,,"[415, 254]",,,"[485, 118]",,,,,,,,,,,,,,,,,,,
504,,,,,,,,,,,,,,,,,,,,,,,,,,,,,,,,,,,,,,,,,"[412, 251]",,,,,,,,,,,,,,,,,,,,,,
505,,,,,,,,,,,,,,,,,,,,,,,,,,,,,,,,,,,,,,,,,"[408, 249]",,,,,,,,,,,,,,,,,,,,,,
506,,,,,,,,,,,,,,,,,,,,,,,,,,,,,,,,,,,,,,,,,"[405, 247]",,,,,,,,,,,,,,,,,,,,,,
507,,,,,,,,,,,,,,,,,,,,,,,,,,,,,,,,,,,,,,,,,"[400, 244]",,,,,,,,,,,,,,,,,,,,,,
508,,,,,,,,,,,,,,,,,,,,,,,,,,,,,,,,,,,,,,,,,"[393, 245]",,,,,"[406, 234]",,,,,,,,,,,,,,,,,
509,,,,,,,,,,,,,,,,,,,,,,,,,,,,,,,,,,,,,,,,,"[395, 239]",,,,,"[395, 239]",,,,,,,,,,,,,,,,,
510,,,,,,,,,,,,,,,,,,,,,,,,,,,,,,,,,,,,,,,,,"[392, 237]",,,,,"[392, 237]",,,,,,,,,,,,,,,,,
511,,,,,,,,,,,,,,,,,,,,,,,,,,,,,,,,,,,,,,,,,"[389, 235]",,,,,"[389, 235]",,,,,,,,,,,,,,,,,
512,,,,,,,,,,,,,,,,,,,,,,,,,,,,,,,,,,,,,,,,,"[383, 232]",,,,,"[383, 232]",,,,,,,,,,,,,,,,,
513,,,,,,,,,,,,,,,,,,,,,,,,,,,,,,,,,,,,,,,,,"[379, 229]",,,,,"[379, 229]",,,,,,,,,,,,,,,,,
514,,,,,,,,,,,,,,,,,,,,,,,,,,,,,,,,,,,,,,,,,"[377, 227]",,,,,"[377, 227]",,,,,,,,,,,,,,,,,
515,,,,,,,,,,,,,,,,,,,,,,,,,,,,,,,,,,,,,,,,,"[374, 225]",,,,,"[374, 225]",,,,,,,,,,,,,,,,,
516,,,,,,,,,,,,,,,,,,,,,,,,,,,,,,,,,,,,,,,,,"[373, 233]",,,,,"[373, 233]","[374, 215]",,,,,,,,,,,,,,,,
517,,,,,,,,,,,,,,,,,,,,,,,,,,,,,,,,,,,,,,,,,"[366, 220]",,,,,"[366, 220]","[366, 220]",,,,,,,,,,,,,,,,
518,,,,,,,,,,,,,,,,,,,,,,,,,,,,,,,,,,,,,,,,,"[363, 219]",,,,,"[363, 219]","[363, 219]",,,,,,,,,,,,,,,,
519,,,,,,,,,,,,,,,,,,,,,,,,,,,,,,,,,,,,,,,,,"[360, 217]",,,,,"[360, 217]","[360, 217]",,,,,,,,,,,,,,,,
520,,,,,,,,,,,,,,,,,,,,,,,,,,,,,,,,,,,,,,,,,"[359, 216]",,,,,"[359, 216]","[359, 216]",,,,,,,,,,,,,,,,
521,,,,,,,,,,,,,,,,,,,,,,,,,,,,,,,,,,,,,,,,,"[356, 215]",,,,,"[356, 215]","[356, 215]",,,,,,,,,,,,,,,,
522,,,,,,,,,,,,,,,,,,,,,,,,,,,,,,,,,,,,,,,,,"[352, 211]",,,,,"[352, 211]","[352, 211]",,,,,,,,,,,,,,,,
523,,,,,,,,,,,,,,,,,,,,,,,,,,,,,,,,,,,,,,,,,"[352, 210]",,,,,"[352, 210]","[352, 210]",,,,,,,,,,,,,,,,
524,,,,,,,,,,,,,,,,,,,,,,,,,,,,,,,,,,,,,,,,,"[347, 208]",,,,,"[347, 208]","[347, 208]",,,,,,,,,,,,,,,,
525,,,,,,,,,,,,,,,,,,,,,,,,,,,,,,,,,,,,,,,,,"[345, 207]",,,,,"[345, 207]","[345, 207]",,,,,,,,,,,,,,,,
526,,,,,,,,,,,,,,,,,,,,,,,,,,,,,,,,,,,,,,,,,"[343, 206]",,,,,"[343, 206]","[343, 206]",,,,,,,,,,,,,,,,
527,,,,,,,,,,,,,,,,,,,,,,,,,,,,,,,,,,,,,,,,,"[339, 204]",,,,,"[339, 204]","[339, 204]",,,,,,,,,,,,,,,,
528,,,,,,,,,,,,,,,,,,,,,,,,,,,,,,,,,,,,,,,,,"[334, 202]",,,,,"[334, 202]","[334, 202]",,,,,,,,,,,,,,,,
529,,,,,,,,,,,,,,,,,,,,,,,,,,,,,,,,,,,,,,,,,"[333, 200]",,,,,"[333, 200]","[333, 200]",,,,,,,,,,,,,,,,
530,,,,,,,,,,,,,,,,,,,,,,,,,,,,,,,,,,,,,,,,,"[333, 199]",,,,,"[333, 199]","[333, 199]",,,,,,,,,,,,,,,,
531,,,,,,,,,,,,,,,,,,,,,,,,,,,,,,,,,,,,,,,,,"[330, 198]",,,,,"[330, 198]","[330, 198]",,,,,,,,,,,,,,,,
532,,,,,,,,,,,,,,,,,,,,,,,,,,,,,,,,,,,,,,,,,"[326, 195]",,,,,"[326, 195]","[326, 195]",,,,,,,,,,,,,,,,
533,,,,,,,,,,,,,,,,,,,,,,,,,,,,,,,,,,,,,,,,,"[325, 193]",,,,,"[325, 193]","[325, 193]",,,,,,,,,,,,,,,,
534,,,,,,,,,,,,,,,,,,,,,,,,,,,,,,,,,,,,,,,,,"[322, 191]",,,,,"[322, 191]","[322, 191]","[591, 353]",,,,,,,,,,,,,,,
535,,,,,,,,,,,,,,,,,,,,,,,,,,,,,,,,,,,,,,,,,"[322, 191]",,,,,"[322, 191]","[322, 191]","[593, 353]",,,,,,,,,,,,,,,
536,,,,,,,,,,,,,,,,,,,,,,,,,,,,,,,,,,,,,,,,,"[320, 190]",,,,,"[320, 190]","[320, 190]","[610, 352]","[572, 350]",,,,,,,,,,,,,,
537,,,,,,,,,,,,,,,,,,,,,,,,,,,,,,,,,,,,,,,,,"[316, 188]",,,,,"[316, 188]","[316, 188]",,"[580, 347]",,,,,,,,,,,,,,
538,,,,,,,,,,,,,,,,,,,,,,,,,,,,,,,,,,,,,,,,,"[315, 187]",,,,,"[315, 187]","[315, 187]",,"[576, 345]",,,,,,,,,,,,,,
539,,,,,,,,,,,,,,,,,,,,,,,,,,,,,,,,,,,,,,,,,"[314, 185]",,,,,"[314, 185]","[314, 185]",,"[566, 341]",,,,,,,,,,,,,,
540,,,,,,,,,,,,,,,,,,,,,,,,,,,,,,,,,,,,,,,,,"[314, 184]",,,,,"[314, 184]","[314, 184]",,"[566, 341]",,,,,,,,,,,,,,
541,,,,,,,,,,,,,,,,,,,,,,,,,,,,,,,,,,,,,,,,,"[313, 184]",,,,,"[313, 184]","[313, 184]",,"[561, 340]",,,,,,,,,,,,,,
542,,,,,,,,,,,,,,,,,,,,,,,,,,,,,,,,,,,,,,,,,"[307, 181]",,,,,"[307, 181]","[307, 181]",,"[551, 336]",,,,,,,,,,,,,,
543,,,,,,,,,,,,,,,,,,,,,,,,,,,,,,,,,,,,,,,,,"[305, 180]",,,,,"[305, 180]","[305, 180]",,"[546, 333]",,,,,,,,,,,,,,
544,,,,,,,,,,,,,,,,,,,,,,,,,,,,,,,,,,,,,,,,,"[303, 179]",,,,,"[303, 179]","[303, 179]",,"[542, 331]",,,,,,,,,,,,,,
545,,,,,,,,,,,,,,,,,,,,,,,,,,,,,,,,,,,,,,,,,"[300, 177]",,,,,"[300, 177]","[300, 177]",,"[537, 329]",,,,,,,,,,,,,,
546,,,,,,,,,,,,,,,,,,,,,,,,,,,,,,,,,,,,,,,,,"[299, 176]",,,,,"[299, 176]","[299, 176]",,"[532, 326]",,,,,,,,,,,,,,
547,,,,,,,,,,,,,,,,,,,,,,,,,,,,,,,,,,,,,,,,,"[295, 174]",,,,,"[295, 174]","[295, 174]",,"[522, 319]",,,,,,,,,,,,,,
548,,,,,,,,,,,,,,,,,,,,,,,,,,,,,,,,,,,,,,,,,"[294, 173]",,,,,"[294, 173]","[294, 173]",,"[518, 315]",,,,,,,,,,,,,,
549,,,,,,,,,,,,,,,,,,,,,,,,,,,,,,,,,,,,,,,,,"[291, 172]",,,,,"[291, 172]","[291, 172]",,"[509, 308]",,,,,,,,,,,,,,
550,,,,,,,,,,,,,,,,,,,,,,,,,,,,,,,,,,,,,,,,,"[291, 172]",,,,,"[291, 172]","[291, 172]",,"[509, 308]",,,,,,,,,,,,,,
551,,,,,,,,,,,,,,,,,,,,,,,,,,,,,,,,,,,,,,,,,"[289, 170]",,,,,"[289, 170]","[289, 170]",,"[504, 305]",,,,,,,,,,,,,,
552,,,,,,,,,,,,,,,,,,,,,,,,,,,,,,,,,,,,,,,,,"[287, 169]",,,,,"[287, 169]","[287, 169]",,"[492, 297]",,,,,,,,,,,,,,
553,,,,,,,,,,,,,,,,,,,,,,,,,,,,,,,,,,,,,,,,,"[285, 168]",,,,,"[285, 168]","[285, 168]",,"[486, 294]",,,,,,,,,,,,,,
554,,,,,,,,,,,,,,,,,,,,,,,,,,,,,,,,,,,,,,,,,"[282, 166]",,,,,"[282, 166]","[282, 166]",,"[475, 287]",,,,,,,,,,,,,,
555,,,,,,,,,,,,,,,,,,,,,,,,,,,,,,,,,,,,,,,,,"[282, 166]",,,,,"[282, 166]","[282, 166]",,"[475, 287]",,,,,,,,,,,,,,
556,,,,,,,,,,,,,,,,,,,,,,,,,,,,,,,,,,,,,,,,,"[281, 165]",,,,,"[281, 165]","[281, 165]",,"[471, 284]",,,,,,,,,,,,,,
557,,,,,,,,,,,,,,,,,,,,,,,,,,,,,,,,,,,,,,,,,"[279, 163]",,,,,"[279, 163]","[279, 163]",,"[462, 279]",,,,,,,,,,,,,,
558,,,,,,,,,,,,,,,,,,,,,,,,,,,,,,,,,,,,,,,,,"[277, 163]",,,,,"[277, 163]","[277, 163]",,"[458, 277]",,,,,,,,,,,,,,
559,,,,,,,,,,,,,,,,,,,,,,,,,,,,,,,,,,,,,,,,,"[276, 162]",,,,,"[276, 162]","[276, 162]",,"[455, 275]",,,,,,,,,,,,,,
560,,,,,,,,,,,,,,,,,,,,,,,,,,,,,,,,,,,,,,,,,"[275, 161]",,,,,"[275, 161]","[275, 161]",,"[451, 272]",,,,,,,,,,,,,,
561,,,,,,,,,,,,,,,,,,,,,,,,,,,,,,,,,,,,,,,,,"[274, 160]",,,,,"[274, 160]","[274, 160]",,"[446, 270]",,,,,,,,,,,,,,
562,,,,,,,,,,,,,,,,,,,,,,,,,,,,,,,,,,,,,,,,,"[270, 158]",,,,,"[270, 158]","[270, 158]",,"[439, 264]",,,,,,,,,,,,,,
563,,,,,,,,,,,,,,,,,,,,,,,,,,,,,,,,,,,,,,,,,"[270, 158]",,,,,"[270, 158]","[270, 158]",,"[436, 262]",,,,,,,,,,,,,,
564,,,,,,,,,,,,,,,,,,,,,,,,,,,,,,,,,,,,,,,,,"[268, 157]",,,,,"[268, 157]","[268, 157]",,"[432, 260]","[302, 209]",,,,,,,,,,,,,
565,,,,,,,,,,,,,,,,,,,,,,,,,,,,,,,,,,,,,,,,,"[267, 156]",,,,,"[267, 156]","[267, 156]",,"[428, 257]","[302, 209]",,,,,,,,,,,,,
566,,,,,,,,,,,,,,,,,,,,,,,,,,,,,,,,,,,,,,,,,"[266, 155]",,,,,"[266, 155]","[266, 155]",,"[424, 255]","[303, 208]",,,,,,,,,,,,,
567,,,,,,,,,,,,,,,,,,,,,,,,,,,,,,,,,,,,,,,,,"[262, 153]",,,,,"[262, 153]","[262, 153]",,"[417, 250]","[303, 208]",,,,,,,,,,,,,
568,,,,,,,,,,,,,,,,,,,,,,,,,,,,,,,,,,,,,,,,,"[261, 153]",,,,,"[261, 153]","[261, 153]",,"[414, 248]","[303, 208]",,,,,,,,,,,,,
569,,,,,,,,,,,,,,,,,,,,,,,,,,,,,,,,,,,,,,,,,"[260, 152]",,,,,"[260, 152]","[260, 152]",,"[411, 246]","[302, 209]",,,,,,,,,,,,,
570,,,,,,,,,,,,,,,,,,,,,,,,,,,,,,,,,,,,,,,,,"[259, 151]",,,,,"[259, 151]","[259, 151]",,"[407, 244]","[303, 210]",,,,,,,,,,,,,
571,,,,,,,,,,,,,,,,,,,,,,,,,,,,,,,,,,,,,,,,,"[258, 151]",,,,,"[258, 151]","[258, 151]",,"[406, 242]","[303, 210]",,,,,,,,,,,,,
572,,,,,,,,,,,,,,,,,,,,,,,,,,,,,,,,,,,,,,,,,"[254, 149]",,,,,"[254, 149]","[254, 149]",,"[400, 238]","[303, 210]",,,,,,,,,,,,,
573,,,,,,,,,,,,,,,,,,,,,,,,,,,,,,,,,,,,,,,,,"[255, 150]",,,,,"[255, 150]","[255, 150]",,"[397, 236]","[303, 210]",,,,,,,,,,,,,
574,,,,,,,,,,,,,,,,,,,,,,,,,,,,,,,,,,,,,,,,,"[254, 149]",,,,,"[254, 149]","[254, 149]",,"[393, 234]","[303, 211]",,,,,,,,,,,,,
575,,,,,,,,,,,,,,,,,,,,,,,,,,,,,,,,,,,,,,,,,"[252, 147]",,,,,"[252, 147]","[252, 147]",,"[392, 232]","[304, 211]",,,,,,,,,,,,,
576,,,,,,,,,,,,,,,,,,,,,,,,,,,,,,,,,,,,,,,,,"[251, 146]",,,,,"[251, 146]","[251, 146]",,"[389, 230]","[305, 211]",,,,,,,,,,,,,
577,,,,,,,,,,,,,,,,,,,,,,,,,,,,,,,,,,,,,,,,,"[247, 145]",,,,,"[247, 145]","[247, 145]",,"[383, 226]","[305, 210]",,,,,,,,,,,,,
578,,,,,,,,,,,,,,,,,,,,,,,,,,,,,,,,,,,,,,,,,"[247, 143]",,,,,"[247, 143]","[247, 143]",,"[381, 224]","[306, 210]",,,,,,,,,,,,,
579,,,,,,,,,,,,,,,,,,,,,,,,,,,,,,,,,,,,,,,,,"[246, 143]",,,,,"[246, 143]","[246, 143]",,"[377, 222]","[305, 211]",,,,,,,,,,,,,
580,,,,,,,,,,,,,,,,,,,,,,,,,,,,,,,,,,,,,,,,,"[245, 142]",,,,,"[245, 142]","[245, 142]",,"[374, 221]","[305, 211]",,,,,,,,,,,,,
581,,,,,,,,,,,,,,,,,,,,,,,,,,,,,,,,,,,,,,,,,"[244, 142]",,,,,"[244, 142]","[244, 142]",,"[372, 219]","[306, 210]",,,,,,,,,,,,,
582,,,,,,,,,,,,,,,,,,,,,,,,,,,,,,,,,,,,,,,,,"[242, 140]",,,,,"[242, 140]","[242, 140]",,"[367, 216]","[306, 210]",,,,,,,,,,,,,
583,,,,,,,,,,,,,,,,,,,,,,,,,,,,,,,,,,,,,,,,,"[241, 140]",,,,,"[241, 140]","[241, 140]",,"[363, 215]","[306, 211]",,,,,,,,,,,,,
584,,,,,,,,,,,,,,,,,,,,,,,,,,,,,,,,,,,,,,,,,"[239, 139]",,,,,"[239, 139]","[239, 139]",,"[361, 214]","[307, 211]",,,,,,,,,,,,,
585,,,,,,,,,,,,,,,,,,,,,,,,,,,,,,,,,,,,,,,,,"[238, 139]",,,,,"[238, 139]","[238, 139]",,"[358, 213]","[305, 207]",,,,,,,,,,,,,
586,,,,,,,,,,,,,,,,,,,,,,,,,,,,,,,,,,,,,,,,,"[237, 138]",,,,,"[237, 138]","[237, 138]",,"[356, 211]","[306, 207]",,,,,,,,,,,,,
587,,,,,,,,,,,,,,,,,,,,,,,,,,,,,,,,,,,,,,,,,"[236, 137]",,,,,"[236, 137]","[236, 137]",,"[351, 208]","[306, 208]",,,,,,,,,,,,,
588,,,,,,,,,,,,,,,,,,,,,,,,,,,,,,,,,,,,,,,,,"[234, 135]",,,,,"[234, 135]","[234, 135]",,"[328, 207]","[328, 207]",,,,,,,,,,,,,
589,,,,,,,,,,,,,,,,,,,,,,,,,,,,,,,,,,,,,,,,,"[232, 135]",,,,,"[232, 135]","[232, 135]",,"[327, 206]","[327, 206]",,,,,,,,,,,,,
590,,,,,,,,,,,,,,,,,,,,,,,,,,,,,,,,,,,,,,,,,"[232, 135]",,,,,"[232, 135]","[232, 135]",,"[327, 206]","[327, 206]",,,,,,,,,,,,,
591,,,,,,,,,,,,,,,,,,,,,,,,,,,,,,,,,,,,,,,,,"[232, 134]",,,,,"[232, 134]","[232, 134]",,"[327, 205]","[327, 205]",,,,,,,,,,,,,
592,,,,,,,,,,,,,,,,,,,,,,,,,,,,,,,,,,,,,,,,,"[229, 133]",,,,,"[229, 133]","[229, 133]",,"[323, 204]","[323, 204]",,,,,,,,,,,,,
593,,,,,,,,,,,,,,,,,,,,,,,,,,,,,,,,,,,,,,,,,"[228, 133]",,,,,"[228, 133]","[228, 133]",,"[321, 204]","[321, 204]",,,,,,,,,,,,,
594,,,,,,,,,,,,,,,,,,,,,,,,,,,,,,,,,,,,,,,,,"[226, 131]",,,,,"[226, 131]","[226, 131]",,"[320, 203]","[320, 203]",,,,,,,,,,,,,
595,,,,,,,,,,,,,,,,,,,,,,,,,,,,,,,,,,,,,,,,,"[226, 131]",,,,,"[226, 131]","[226, 131]",,"[320, 203]","[320, 203]",,,,,,,,,,,,,
596,,,,,,,,,,,,,,,,,,,,,,,,,,,,,,,,,,,,,,,,,"[225, 131]",,,,,"[225, 131]","[225, 131]",,"[320, 202]","[320, 202]",,,,,,,,,,,,,
597,,,,,,,,,,,,,,,,,,,,,,,,,,,,,,,,,,,,,,,,,"[224, 130]",,,,,"[224, 130]","[224, 130]",,"[318, 201]","[318, 201]",,,,,,,,,,,,,
598,,,,,,,,,,,,,,,,,,,,,,,,,,,,,,,,,,,,,,,,,"[222, 130]",,,,,"[222, 130]","[222, 130]",,"[318, 201]","[318, 201]",,,,,,,,,,,,,
599,,,,,,,,,,,,,,,,,,,,,,,,,,,,,,,,,,,,,,,,,"[222, 129]",,,,,"[222, 129]","[222, 129]",,"[318, 201]","[318, 201]",,,,,,,,,,,,,
600,,,,,,,,,,,,,,,,,,,,,,,,,,,,,,,,,,,,,,,,,,,,,,,,,"[317, 201]","[317, 201]",,,,,,,,,,,,,
601,,,,,,,,,,,,,,,,,,,,,,,,,,,,,,,,,,,,,,,,,,,,,,,,,"[317, 201]","[317, 201]","[220, 127]",,,,,,,,,,,,
602,,,,,,,,,,,,,,,,,,,,,,,,,,,,,,,,,,,,,,,,,,,,,,,,,"[316, 201]","[316, 201]","[218, 126]",,,,,,,,,,,,
603,,,,,,,,,,,,,,,,,,,,,,,,,,,,,,,,,,,,,,,,,,,,,,,,,"[317, 200]","[317, 200]","[218, 126]",,,,,,,,,,,,
604,,,,,,,,,,,,,,,,,,,,,,,,,,,,,,,,,,,,,,,,,,,,,,,,,"[316, 201]","[316, 201]","[216, 125]",,,,,,,,,,,,
605,,,,,,,,,,,,,,,,,,,,,,,,,,,,,,,,,,,,,,,,,,,,,,,,,"[316, 201]","[316, 201]","[217, 126]",,,,,,,,,,,,
606,,,,,,,,,,,,,,,,,,,,,,,,,,,,,,,,,,,,,,,,,,,,,,,,,"[315, 200]","[315, 200]","[214, 124]",,,,,,,,,,,,
607,,,,,,,,,,,,,,,,,,,,,,,,,,,,,,,,,,,,,,,,,,,,,,,,,"[321, 213]","[321, 213]","[212, 123]","[305, 178]",,,,,,,,,,,
608,,,,,,,,,,,,,,,,,,,,,,,,,,,,,,,,,,,,,,,,,,,,,,,,,"[323, 214]","[323, 214]","[213, 124]","[303, 177]",,,,,,,,,,,
609,,,,,,,,,,,,,,,,,,,,,,,,,,,,,,,,,,,,,,,,,,,,,,,,,"[324, 213]","[324, 213]","[211, 122]","[301, 176]",,,,,,,,,,,
610,,,,,,,,,,,,,,,,,,,,,,,,,,,,,,,,,,,,,,,,,,,,,,,,,"[325, 214]","[325, 214]","[212, 123]","[299, 175]",,,,,,,,,,,
611,,,,,,,,,,,,,,,,,,,,,,,,,,,,,,,,,,,,,,,,,,,,,,,,,"[326, 214]","[326, 214]",,"[298, 174]",,,,,,,,,,,
612,,,,,,,,,,,,,,,,,,,,,,,,,,,,,,,,,,,,,,,,,,,,,,,,,"[329, 215]","[329, 215]",,"[294, 172]","[207, 119]",,,,,,,,,,
613,,,,,,,,,,,,,,,,,,,,,,,,,,,,,,,,,,,,,,,,,,,,,,,,,"[329, 215]","[329, 215]",,"[293, 170]",,,,,,,,,,,
614,,,,,,,,,,,,,,,,,,,,,,,,,,,,,,,,,,,,,,,,,,,,,,,,,"[331, 215]","[331, 215]",,"[291, 170]",,,,,,,,,,,
615,,,,,,,,,,,,,,,,,,,,,,,,,,,,,,,,,,,,,,,,,,,,,,,,,"[332, 216]","[332, 216]",,"[290, 169]",,"[205, 119]",,,,,,,,,
616,,,,,,,,,,,,,,,,,,,,,,,,,,,,,,,,,,,,,,,,,,,,,,,,,"[334, 216]","[334, 216]",,"[289, 168]",,"[205, 118]",,,,,,,,,
617,,,,,,,,,,,,,,,,,,,,,,,,,,,,,,,,,,,,,,,,,,,,,,,,,"[337, 217]","[337, 217]",,"[285, 166]",,"[204, 117]",,,,,,,,,
618,,,,,,,,,,,,,,,,,,,,,,,,,,,,,,,,,,,,,,,,,,,,,,,,,"[338, 217]","[338, 217]",,"[284, 165]",,"[203, 117]","[514, 354]",,,,,,,,
619,,,,,,,,,,,,,,,,,,,,,,,,,,,,,,,,,,,,,,,,,,,,,,,,,"[340, 217]","[340, 217]",,"[282, 164]",,"[201, 117]","[511, 353]",,,,,,,,
620,,,,,,,,,,,,,,,,,,,,,,,,,,,,,,,,,,,,,,,,,,,,,,,,,"[342, 218]","[342, 218]",,"[281, 164]",,,"[509, 352]",,,,,,,,
621,,,,,,,,,,,,,,,,,,,,,,,,,,,,,,,,,,,,,,,,,,,,,,,,,"[344, 218]","[344, 218]",,"[280, 163]",,,"[506, 351]","[200, 116]",,,,,,,
622,,,,,,,,,,,,,,,,,,,,,,,,,,,,,,,,,,,,,,,,,,,,,,,,,"[347, 219]","[347, 219]",,"[276, 161]",,,"[501, 349]","[199, 114]",,,,,,,
623,,,,,,,,,,,,,,,,,,,,,,,,,,,,,,,,,,,,,,,,,,,,,,,,,"[349, 219]","[349, 219]",,"[275, 160]",,,"[498, 347]",,,,,,,,
624,,,,,,,,,,,,,,,,,,,,,,,,,,,,,,,,,,,,,,,,,,,,,,,,,"[351, 220]","[351, 220]",,"[274, 159]",,,"[496, 346]",,"[199, 114]",,,,,,
625,,,,,,,,,,,,,,,,,,,,,,,,,,,,,,,,,,,,,,,,,,,,,,,,,"[353, 220]","[353, 220]",,"[273, 159]",,,"[493, 345]",,"[199, 113]",,,,,,
626,,,,,,,,,,,,,,,,,,,,,,,,,,,,,,,,,,,,,,,,,,,,,,,,,"[354, 220]","[354, 220]",,"[271, 158]",,,"[491, 344]",,,,,,,,
627,,,,,,,,,,,,,,,,,,,,,,,,,,,,,,,,,,,,,,,,,,,,,,,,,"[358, 221]","[358, 221]",,"[268, 156]",,,"[486, 342]",,,"[196, 112]",,,,,
628,,,,,,,,,,,,,,,,,,,,,,,,,,,,,,,,,,,,,,,,,,,,,,,,,"[360, 221]","[360, 221]",,"[267, 155]",,,"[484, 341]",,,,,,,,
629,,,,,,,,,,,,,,,,,,,,,,,,,,,,,,,,,,,,,,,,,,,,,,,,,"[365, 222]","[365, 222]",,"[264, 154]",,,"[479, 339]",,,,"[194, 110]",,,,
630,,,,,,,,,,,,,,,,,,,,,,,,,,,,,,,,,,,,,,,,,,,,,,,,,"[365, 222]","[365, 222]",,"[264, 154]",,,"[479, 339]",,,,"[194, 110]",,,,
631,,,,,,,,,,,,,,,,,,,,,,,,,,,,,,,,,,,,,,,,,,,,,,,,,"[367, 222]","[367, 222]",,"[263, 153]",,,"[477, 337]",,,,"[193, 110]",,,,
632,,,,,,,,,,,,,,,,,,,,,,,,,,,,,,,,,,,,,,,,,,,,,,,,,"[371, 223]","[371, 223]",,"[260, 151]",,,"[472, 335]",,,,,,,,
633,,,,,,,,,,,,,,,,,,,,,,,,,,,,,,,,,,,,,,,,,,,,,,,,,"[374, 223]","[374, 223]",,"[259, 151]",,,"[469, 334]",,,,,,,,
634,,,,,,,,,,,,,,,,,,,,,,,,,,,,,,,,,,,,,,,,,,,,,,,,,"[376, 223]","[376, 223]",,"[258, 150]",,,"[467, 332]",,,,,,,,
635,,,,,,,,,,,,,,,,,,,,,,,,,,,,,,,,,,,,,,,,,,,,,,,,,"[379, 224]","[379, 224]",,"[257, 149]",,,"[464, 331]",,,,,,,,
636,,,,,,,,,,,,,,,,,,,,,,,,,,,,,,,,,,,,,,,,,,,,,,,,,"[381, 224]","[381, 224]",,"[255, 148]",,,"[461, 329]",,,,,,,,
637,,,,,,,,,,,,,,,,,,,,,,,,,,,,,,,,,,,,,,,,,,,,,,,,,"[386, 225]","[386, 225]",,"[253, 147]",,,"[456, 325]",,,,,,,,
638,,,,,,,,,,,,,,,,,,,,,,,,,,,,,,,,,,,,,,,,,,,,,,,,,"[388, 225]","[388, 225]",,"[252, 146]",,,"[453, 323]",,,,,,,,
639,,,,,,,,,,,,,,,,,,,,,,,,,,,,,,,,,,,,,,,,,,,,,,,,,"[391, 225]","[391, 225]",,"[250, 145]",,,"[451, 322]",,,,,,,,
640,,,,,,,,,,,,,,,,,,,,,,,,,,,,,,,,,,,,,,,,,,,,,,,,,"[393, 225]","[393, 225]",,"[250, 145]",,,"[448, 320]",,,,,,,,
641,,,,,,,,,,,,,,,,,,,,,,,,,,,,,,,,,,,,,,,,,,,,,,,,,"[396, 226]","[396, 226]",,"[248, 144]",,,"[445, 318]",,,,,,,,
642,,,,,,,,,,,,,,,,,,,,,,,,,,,,,,,,,,,,,,,,,,,,,,,,,"[401, 226]","[401, 226]",,"[246, 142]",,,"[440, 315]",,,,,,,,
643,,,,,,,,,,,,,,,,,,,,,,,,,,,,,,,,,,,,,,,,,,,,,,,,,"[403, 226]","[403, 226]",,"[245, 142]",,,"[437, 313]",,,,,,,,
644,,,,,,,,,,,,,,,,,,,,,,,,,,,,,,,,,,,,,,,,,,,,,,,,,"[409, 227]","[409, 227]",,"[243, 140]",,,"[432, 310]",,,,,,,,
645,,,,,,,,,,,,,,,,,,,,,,,,,,,,,,,,,,,,,,,,,,,,,,,,,"[409, 227]","[409, 227]",,"[243, 140]",,,"[432, 310]",,,,,,,,
646,,,,,,,,,,,,,,,,,,,,,,,,,,,,,,,,,,,,,,,,,,,,,,,,,"[411, 227]","[411, 227]",,"[241, 139]",,,"[430, 308]",,,,,,,,
647,,,,,,,,,,,,,,,,,,,,,,,,,,,,,,,,,,,,,,,,,,,,,,,,,"[416, 227]","[416, 227]",,"[240, 138]",,,"[424, 305]",,,,,,,,
648,,,,,,,,,,,,,,,,,,,,,,,,,,,,,,,,,,,,,,,,,,,,,,,,,"[419, 227]","[419, 227]",,"[238, 137]",,,"[422, 304]",,,,,,,,
649,,,,,,,,,,,,,,,,,,,,,,,,,,,,,,,,,,,,,,,,,,,,,,,,,"[421, 228]","[421, 228]",,"[237, 137]",,,"[420, 302]",,,,,,,,
650,,,,,,,,,,,,,,,,,,,,,,,,,,,,,,,,,,,,,,,,,,,,,,,,,"[424, 228]","[424, 228]",,"[236, 136]",,,"[417, 301]",,,,,,,,
651,,,,,,,,,,,,,,,,,,,,,,,,,,,,,,,,,,,,,,,,,,,,,,,,,"[427, 228]","[427, 228]",,"[235, 136]",,,"[415, 300]",,,,,,,,
652,,,,,,,,,,,,,,,,,,,,,,,,,,,,,,,,,,,,,,,,,,,,,,,,,"[433, 228]","[433, 228]",,"[233, 135]",,,"[410, 297]",,,,,,,,
653,,,,,,,,,,,,,,,,,,,,,,,,,,,,,,,,,,,,,,,,,,,,,,,,,"[435, 228]","[435, 228]",,"[231, 134]",,,"[407, 296]",,,,,,,,
654,,,,,,,,,,,,,,,,,,,,,,,,,,,,,,,,,,,,,,,,,,,,,,,,,"[438, 228]","[438, 228]",,"[232, 133]",,,"[405, 294]",,,,,,,,
655,,,,,,,,,,,,,,,,,,,,,,,,,,,,,,,,,,,,,,,,,,,,,,,,,"[441, 228]","[441, 228]",,"[229, 132]",,,"[402, 293]",,,,,,,,
656,,,,,,,,,,,,,,,,,,,,,,,,,,,,,,,,,,,,,,,,,,,,,,,,,"[444, 228]","[444, 228]",,"[230, 132]",,,"[400, 292]",,,,,,,,
657,,,,,,,,,,,,,,,,,,,,,,,,,,,,,,,,,,,,,,,,,,,,,,,,,"[449, 228]","[449, 228]",,"[228, 131]",,,"[395, 289]",,,,,,,,
658,,,,,,,,,,,,,,,,,,,,,,,,,,,,,,,,,,,,,,,,,,,,,,,,,"[452, 228]","[452, 228]",,"[227, 131]",,,"[392, 288]",,,,,,,,
659,,,,,,,,,,,,,,,,,,,,,,,,,,,,,,,,,,,,,,,,,,,,,,,,,"[455, 228]","[455, 228]",,"[226, 130]",,,"[390, 287]",,,,,,,,
660,,,,,,,,,,,,,,,,,,,,,,,,,,,,,,,,,,,,,,,,,,,,,,,,,"[457, 228]","[457, 228]",,"[225, 129]",,,"[387, 286]",,,,,,,,
661,,,,,,,,,,,,,,,,,,,,,,,,,,,,,,,,,,,,,,,,,,,,,,,,,"[460, 228]","[460, 228]",,"[223, 128]",,,"[385, 285]",,,,,,,,
662,,,,,,,,,,,,,,,,,,,,,,,,,,,,,,,,,,,,,,,,,,,,,,,,,"[466, 228]","[466, 228]",,"[222, 127]",,,"[380, 282]",,,,,,,,
663,,,,,,,,,,,,,,,,,,,,,,,,,,,,,,,,,,,,,,,,,,,,,,,,,"[469, 228]","[469, 228]",,"[221, 127]",,,"[377, 281]",,,,,,,,
664,,,,,,,,,,,,,,,,,,,,,,,,,,,,,,,,,,,,,,,,,,,,,,,,,"[472, 228]","[472, 228]",,"[220, 126]",,,"[375, 280]",,,,,,,,
665,,,,,,,,,,,,,,,,,,,,,,,,,,,,,,,,,,,,,,,,,,,,,,,,,"[475, 228]","[475, 228]",,"[219, 126]",,,"[372, 279]",,,,,,,,
666,,,,,,,,,,,,,,,,,,,,,,,,,,,,,,,,,,,,,,,,,,,,,,,,,"[478, 228]","[478, 228]",,"[219, 125]",,,"[369, 278]",,,,,,,,
667,,,,,,,,,,,,,,,,,,,,,,,,,,,,,,,,,,,,,,,,,,,,,,,,,"[484, 228]","[484, 228]",,"[217, 124]",,,"[365, 276]",,,,,,,,
668,,,,,,,,,,,,,,,,,,,,,,,,,,,,,,,,,,,,,,,,,,,,,,,,,"[487, 228]","[487, 228]",,"[215, 124]",,,"[362, 275]",,,,,,,,
669,,,,,,,,,,,,,,,,,,,,,,,,,,,,,,,,,,,,,,,,,,,,,,,,,"[492, 228]","[492, 228]",,"[213, 123]",,,"[356, 273]",,,,,,,,
670,,,,,,,,,,,,,,,,,,,,,,,,,,,,,,,,,,,,,,,,,,,,,,,,,"[492, 228]","[492, 228]",,"[213, 123]",,,"[356, 273]",,,,,,,,
671,,,,,,,,,,,,,,,,,,,,,,,,,,,,,,,,,,,,,,,,,,,,,,,,,"[495, 228]","[495, 228]",,"[214, 122]",,,"[354, 272]",,,,,,,,
672,,,,,,,,,,,,,,,,,,,,,,,,,,,,,,,,,,,,,,,,,,,,,,,,,"[501, 228]","[501, 228]",,"[212, 121]",,,"[348, 270]",,,,,,,,
673,,,,,,,,,,,,,,,,,,,,,,,,,,,,,,,,,,,,,,,,,,,,,,,,,"[504, 227]","[504, 227]",,"[211, 121]",,,"[346, 269]",,,,,,,,
674,,,,,,,,,,,,,,,,,,,,,,,,,,,,,,,,,,,,,,,,,,,,,,,,,"[510, 227]","[510, 227]",,,,,"[341, 267]",,,,,,,,
675,,,,,,,,,,,,,,,,,,,,,,,,,,,,,,,,,,,,,,,,,,,,,,,,,"[510, 227]","[510, 227]",,,,,"[340, 267]",,,,,,,,
676,,,,,,,,,,,,,,,,,,,,,,,,,,,,,,,,,,,,,,,,,,,,,,,,,"[510, 227]","[510, 227]",,,,,"[340, 267]",,,,,,,,
677,,,,,,,,,,,,,,,,,,,,,,,,,,,,,,,,,,,,,,,,,,,,,,,,,"[519, 227]","[519, 227]",,,,,"[332, 265]",,,,,"[206, 118]",,,
678,,,,,,,,,,,,,,,,,,,,,,,,,,,,,,,,,,,,,,,,,,,,,,,,,"[521, 226]","[521, 226]",,,,,"[329, 264]",,,,,"[205, 118]",,,
679,,,,,,,,,,,,,,,,,,,,,,,,,,,,,,,,,,,,,,,,,,,,,,,,,"[527, 226]","[527, 226]",,,,,"[324, 262]",,,,,,,,
680,,,,,,,,,,,,,,,,,,,,,,,,,,,,,,,,,,,,,,,,,,,,,,,,,"[527, 226]","[527, 226]",,,,,"[324, 262]",,,,,,,,
681,,,,,,,,,,,,,,,,,,,,,,,,,,,,,,,,,,,,,,,,,,,,,,,,,"[530, 226]","[530, 226]",,,,,"[321, 261]",,,,,,,,
682,,,,,,,,,,,,,,,,,,,,,,,,,,,,,,,,,,,,,,,,,,,,,,,,,"[536, 226]","[536, 226]",,,,,"[315, 260]",,,,,,,,
683,,,,,,,,,,,,,,,,,,,,,,,,,,,,,,,,,,,,,,,,,,,,,,,,,"[539, 225]","[539, 225]",,,,,"[312, 259]",,,,,,,,
684,,,,,,,,,,,,,,,,,,,,,,,,,,,,,,,,,,,,,,,,,,,,,,,,,"[545, 225]","[545, 225]",,,,,"[307, 258]",,,,,,,,
685,,,,,,,,,,,,,,,,,,,,,,,,,,,,,,,,,,,,,,,,,,,,,,,,,"[545, 225]","[545, 225]",,,,,"[307, 258]",,,,,,,,
686,,,,,,,,,,,,,,,,,,,,,,,,,,,,,,,,,,,,,,,,,,,,,,,,,"[547, 224]","[547, 224]",,,,,"[304, 257]",,,,,,,,
687,,,,,,,,,,,,,,,,,,,,,,,,,,,,,,,,,,,,,,,,,,,,,,,,,"[553, 224]","[553, 224]",,,,,"[298, 255]",,,,,,,,
688,,,,,,,,,,,,,,,,,,,,,,,,,,,,,,,,,,,,,,,,,,,,,,,,,"[558, 224]","[558, 224]",,,,,"[292, 254]",,,,,,,,
689,,,,,,,,,,,,,,,,,,,,,,,,,,,,,,,,,,,,,,,,,,,,,,,,,"[558, 224]","[558, 224]",,,,,"[292, 254]",,,,,,,,
690,,,,,,,,,,,,,,,,,,,,,,,,,,,,,,,,,,,,,,,,,,,,,,,,,"[559, 223]","[559, 223]",,,,,"[288, 253]",,,,,,,,
691,,,,,,,,,,,,,,,,,,,,,,,,,,,,,,,,,,,,,,,,,,,,,,,,,"[561, 223]","[561, 223]",,,,,"[285, 253]",,,,,,,,
692,,,,,,,,,,,,,,,,,,,,,,,,,,,,,,,,,,,,,,,,,,,,,,,,,"[565, 222]","[565, 222]",,,,,"[279, 251]",,,,,,,,
693,,,,,,,,,,,,,,,,,,,,,,,,,,,,,,,,,,,,,,,,,,,,,,,,,"[566, 222]","[566, 222]",,,,,"[276, 251]",,,,,,,,
694,,,,,,,,,,,,,,,,,,,,,,,,,,,,,,,,,,,,,,,,,,,,,,,,,"[568, 222]","[568, 222]",,,,,"[273, 250]",,,,,,,,
695,,,,,,,,,,,,,,,,,,,,,,,,,,,,,,,,,,,,,,,,,,,,,,,,,"[570, 221]","[570, 221]",,,,,"[270, 250]",,,,,,,,
696,,,,,,,,,,,,,,,,,,,,,,,,,,,,,,,,,,,,,,,,,,,,,,,,,"[571, 221]","[571, 221]",,,,,"[267, 249]",,,,,,,,
697,,,,,,,,,,,,,,,,,,,,,,,,,,,,,,,,,,,,,,,,,,,,,,,,,"[575, 220]","[575, 220]",,,,,"[261, 248]",,,,,,,,
698,,,,,,,,,,,,,,,,,,,,,,,,,,,,,,,,,,,,,,,,,,,,,,,,,"[576, 220]","[576, 220]",,,,,"[258, 248]",,,,,,,,
699,,,,,,,,,,,,,,,,,,,,,,,,,,,,,,,,,,,,,,,,,,,,,,,,,"[579, 220]","[579, 220]",,,,,"[253, 247]",,,,,,,,
700,,,,,,,,,,,,,,,,,,,,,,,,,,,,,,,,,,,,,,,,,,,,,,,,,"[579, 220]","[579, 220]",,,,,"[253, 247]",,,,,,,,
701,,,,,,,,,,,,,,,,,,,,,,,,,,,,,,,,,,,,,,,,,,,,,,,,,"[580, 219]","[580, 219]",,,,,"[251, 246]",,,,,,,,
702,,,,,,,,,,,,,,,,,,,,,,,,,,,,,,,,,,,,,,,,,,,,,,,,,"[583, 219]","[583, 219]",,,,,"[247, 245]",,,,,,,,
703,,,,,,,,,,,,,,,,,,,,,,,,,,,,,,,,,,,,,,,,,,,,,,,,,,,,,,,"[245, 245]",,,,,,,,
704,,,,,,,,,,,,,,,,,,,,,,,,,,,,,,,,,,,,,,,,,,,,,,,,,,,,,,,"[244, 245]",,,,,,"[630, 218]",,
705,,,,,,,,,,,,,,,,,,,,,,,,,,,,,,,,,,,,,,,,,,,,,,,,,,,,,,,"[241, 244]",,,,,,"[626, 215]",,
706,,,,,,,,,,,,,,,,,,,,,,,,,,,,,,,,,,,,,,,,,,,,,,,,,,,,,,,"[239, 244]",,,,,,"[625, 214]","[198, 244]",
707,,,,,,,,,,,,,,,,,,,,,,,,,,,,,,,,,,,,,,,,,,,,,,,,,,,,,,,"[234, 242]",,,,,,"[625, 213]","[196, 242]",
708,,,,,,,,,,,,,,,,,,,,,,,,,,,,,,,,,,,,,,,,,,,,,,,,,,,,,,,"[232, 242]",,,,,,"[625, 213]","[193, 242]",
709,,,,,,,,,,,,,,,,,,,,,,,,,,,,,,,,,,,,,,,,,,,,,,,,,,,,,,,"[230, 241]",,,,,,"[626, 212]","[192, 242]",
710,,,,,,,,,,,,,,,,,,,,,,,,,,,,,,,,,,,,,,,,,,,,,,,,,,,,,,,"[228, 241]",,,,,,"[626, 212]","[190, 242]",
711,,,,,,,,,,,,,,,,,,,,,,,,,,,,,,,,,,,,,,,,,,,,,,,,,,,,,,,"[204, 241]",,,,,,"[627, 213]","[204, 241]",
712,,,,,,,,,,,,,,,,,,,,,,,,,,,,,,,,,,,,,,,,,,,,,,,,,,,,,,,"[196, 240]",,,,,,"[629, 213]","[196, 240]",
713,,,,,,,,,,,,,,,,,,,,,,,,,,,,,,,,,,,,,,,,,,,,,,,,,,,,,,,"[183, 240]",,,,,,"[629, 214]","[183, 240]",
714,,,,,,,,,,,,,,,,,,,,,,,,,,,,,,,,,,,,,,,,,,,,,,,,,,,,,,,"[181, 239]",,,,,,"[630, 214]","[181, 239]",
715,,,,,,,,,,,,,,,,,,,,,,,,,,,,,,,,,,,,,,,,,,,,,,,,,,,,,,,"[181, 239]",,,,,,"[630, 214]","[181, 239]",
716,,,,,,,,,,,,,,,,,,,,,,,,,,,,,,,,,,,,,,,,,,,,,,,,,,,,,,,"[179, 239]",,,,,,"[631, 213]","[179, 239]",
717,,,,,,,,,,,,,,,,,,,,,,,,,,,,,,,,,,,,,,,,,,,,,,,,,,,,,,,"[175, 239]",,,,,,,"[175, 239]",
718,,,,,,,,,,,,,,,,,,,,,,,,,,,,,,,,,,,,,,,,,,,,,,,,,,,,,,,"[172, 239]",,,,,,,"[172, 239]",
719,,,,,,,,,,,,,,,,,,,,,,,,,,,,,,,,,,,,,,,,,,,,,,,,,,,,,,,"[165, 238]",,,,,,,"[165, 238]",
720,,,,,,,,,,,,,,,,,,,,,,,,,,,,,,,,,,,,,,,,,,,,,,,,,,,,,,,"[165, 238]",,,,,,,"[165, 238]",
721,,,,,,,,,,,,,,,,,,,,,,,,,,,,,,,,,,,,,,,,,,,,,,,,,,,,,,,"[161, 238]",,,,,,,"[161, 238]",
722,,,,,,,,,,,,,,,,,,,,,,,,,,,,,,,,,,,,,,,,,,,,,,,,,,,,,,,"[153, 238]",,,,,,,"[153, 238]",
723,,,,,,,,,,,,,,,,,,,,,,,,,,,,,,,,,,,,,,,,,,,,,,,,,,,,,,,"[149, 237]",,,,,,,"[149, 237]",
724,,,,,,,,,,,,,,,,,,,,,,,,,,,,,,,,,,,,,,,,,,,,,,,,,,,,,,,"[141, 237]",,,,,,,"[141, 237]",
725,,,,,,,,,,,,,,,,,,,,,,,,,,,,,,,,,,,,,,,,,,,,,,,,,,,,,,,"[141, 237]",,,,,,,"[141, 237]",
726,,,,,,,,,,,,,,,,,,,,,,,,,,,,,,,,,,,,,,,,,,,,,,,,,,,,,,,"[137, 237]",,,,,,,"[137, 237]",
727,,,,,,,,,,,,,,,,,,,,,,,,,,,,,,,,,,,,,,,,,,,,,,,,,,,,,,,"[129, 237]",,,,,,,"[129, 237]",
728,,,,,,,,,,,,,,,,,,,,,,,,,,,,,,,,,,,,,,,,,,,,,,,,,,,,,,,"[125, 236]",,,,,,,"[125, 236]",
729,,,,,,,,,,,,,,,,,,,,,,,,,,,,,,,,,,,,,,,,,,,,,,,,,,,,,,,"[121, 236]",,,,,,,"[121, 236]",
730,,,,,,,,,,,,,,,,,,,,,,,,,,,,,,,,,,,,,,,,,,,,,,,,,,,,,,,"[116, 236]",,,,,,,"[116, 236]",
731,,,,,,,,,,,,,,,,,,,,,,,,,,,,,,,,,,,,,,,,,,,,,,,,,,,,,,,"[112, 236]",,,,,,,"[112, 236]",
732,,,,,,,,,,,,,,,,,,,,,,,,,,,,,,,,,,,,,,,,,,,,,,,,,,,,,,,"[103, 236]",,,,,,,"[103, 236]",
733,,,,,,,,,,,,,,,,,,,,,,,,,,,,,,,,,,,,,,,,,,,,,,,,,,,,,,,"[99, 236]",,,,,,,"[99, 236]",
734,,,,,,,,,,,,,,,,,,,,,,,,,,,,,,,,,,,,,,,,,,,,,,,,,,,,,,,"[95, 236]",,,,,,,"[95, 236]",
735,,,,,,,,,,,,,,,,,,,,,,,,,,,,,,,,,,,,,,,,,,,,,,,,,,,,,,,"[90, 236]",,,,,,,"[90, 236]",
736,,,,,,,,,,,,,,,,,,,,,,,,,,,,,,,,,,,,,,,,,,,,,,,,,,,,,,,"[86, 236]",,,,,,,"[86, 236]",
737,,,,,,,,,,,,,,,,,,,,,,,,,,,,,,,,,,,,,,,,,,,,,,,,,,,,,,,"[76, 236]",,,,,,,"[76, 236]",
738,,,,,,,,,,,,,,,,,,,,,,,,,,,,,,,,,,,,,,,,,,,,,,,,,,,,,,,"[72, 236]",,,,,,,"[72, 236]",
739,,,,,,,,,,,,,,,,,,,,,,,,,,,,,,,,,,,,,,,,,,,,,,,,,,,,,,,"[68, 236]",,,,,,,"[68, 236]",
740,,,,,,,,,,,,,,,,,,,,,,,,,,,,,,,,,,,,,,,,,,,,,,,,,,,,,,,"[63, 236]",,,,,,,"[63, 236]",
741,,,,,,,,,,,,,,,,,,,,,,,,,,,,,,,,,,,,,,,,,,,,,,,,,,,,,,,"[58, 236]",,,,,,,"[58, 236]",
742,,,,,,,,,,,,,,,,,,,,,,,,,,,,,,,,,,,,,,,,,,,,,,,,,,,,,,,"[48, 237]",,,,,,,"[48, 237]",
743,,,,,,,,,,,,,,,,,,,,,,,,,,,,,,,,,,,,,,,,,,,,,,,,,,,,,,,"[43, 237]",,,,,,,"[43, 237]",
744,,,,,,,,,,,,,,,,,,,,,,,,,,,,,,,,,,,,,,,,,,,,,,,,,,,,,,,"[37, 237]",,,,,,,"[37, 237]",
745,,,,,,,,,,,,,,,,,,,,,,,,,,,,,,,,,,,,,,,,,,,,,,,,,,,,,,,"[37, 237]",,,,,,,"[37, 237]",
746,,,,,,,,,,,,,,,,,,,,,,,,,,,,,,,,,,,,,,,,,,,,,,,,,,,,,,,"[34, 237]",,,,,,,"[34, 237]",
747,,,,,,,,,,,,,,,,,,,,,,,,,,,,,,,,,,,,,,,,,,,,,,,,,,,,,,,"[28, 237]",,,,,,,"[28, 237]",
748,,,,,,,,,,,,,,,,,,,,,,,,,,,,,,,,,,,,,,,,,,,,,,,,,,,,,,,"[25, 236]",,,,,,,"[25, 236]",
749,,,,,,,,,,,,,,,,,,,,,,,,,,,,,,,,,,,,,,,,,,,,,,,,,,,,,,,"[23, 237]",,,,,,,"[23, 237]",
750,,,,,,,,,,,,,,,,,,,,,,,,,,,,,,,,,,,,,,,,,,,,,,,,,,,,,,,"[20, 237]",,,,,,,"[20, 237]",
751,,,,,,,,,,,,,,,,,,,,,,,,,,,,,,,,,,,,,,,,,,,,,,,,,,,,,,,"[18, 237]",,,,,,,"[18, 237]",
752,,,,,,,,,,,,,,,,,,,,,,,,,,,,,,,,,,,,,,,,,,,,,,,,,,,,,,,"[13, 238]",,,,,,,"[13, 238]",
753,,,,,,,,,,,,,,,,,,,,,,,,,,,,,,,,,,,,,,,,,,,,,,,,,,,,,,,"[11, 238]",,,,,,,"[11, 238]",
754,,,,,,,,,,,,,,,,,,,,,,,,,,,,,,,,,,,,,,,,,,,,,,,,,,,,,,,"[8, 239]",,,,,,,"[8, 239]",
755,,,,,,,,,,,,,,,,,,,,,,,,,,,,,,,,,,,,,,,,,,,,,,,,,,,,,,,"[6, 239]",,,,,,,"[6, 239]",
756,,,,,,,,,,,,,,,,,,,,,,,,,,,,,,,,,,,,,,,,,,,,,,,,,,,,,,,,,,,,,,,
757,,,,,,,,,,,,,,,,,,,,,,,,,,,,,,,,,,,,,,,,,,,,,,,,,,,,,,,,,,,,,,,
758,,,,,,,,,,,,,,,,,,,,,,,,,,,,,,,,,,,,,,,,,,,,,,,,,,,,,,,,,,,,,,,
759,,,,,,,,,,,,,,,,,,,,,,,,,,,,,,,,,,,,,,,,,,,,,,,,,,,,,,,,,,,,,,,
760,,,,,,,,,,,,,,,,,,,,,,,,,,,,,,,,,,,,,,,,,,,,,,,,,,,,,,,,,,,,,,,
761,,,,,,,,,,,,,,,,,,,,,,,,,,,,,,,,,,,,,,,,,,,,,,,,,,,,,,,,,,,,,,,
762,,,,,,,,,,,,,,,,,,,,,,,,,,,,,,,,,,,,,,,,,,,,,,,,,,,,,,,,,,,,,,,
763,,,,,,,,,,,,,,,,,,,,,,,,,,,,,,,,,,,,,,,,,,,,,,,,,,,,,,,,,,,,,,,
764,,,,,,,,,,,,,,,,,,,,,,,,,,,,,,,,,,,,,,,,,,,,,,,,,,,,,,,,,,,,,,,
765,,,,,,,,,,,,,,,,,,,,,,,,,,,,,,,,,,,,,,,,,,,,,,,,,,,,,,,,,,,,,,,
766,,,,,,,,,,,,,,,,,,,,,,,,,,,,,,,,,,,,,,,,,,,,,,,,,,,,,,,,,,,,,,,
767,,,,,,,,,,,,,,,,,,,,,,,,,,,,,,,,,,,,,,,,,,,,,,,,,,,,,,,,,,,,,,,
768,,,,,,,,,,,,,,,,,,,,,,,,,,,,,,,,,,,,,,,,,,,,,,,,,,,,,,,,,,,,,,,
769,,,,,,,,,,,,,,,,,,,,,,,,,,,,,,,,,,,,,,,,,,,,,,,,,,,,,,,,,,,,,,,
770,,,,,,,,,,,,,,,,,,,,,,,,,,,,,,,,,,,,,,,,,,,,,,,,,,,,,,,,,,,,,,,
771,,,,,,,,,,,,,,,,,,,,,,,,,,,,,,,,,,,,,,,,,,,,,,,,,,,,,,,,,,,,,,,
772,,,,,,,,,,,,,,,,,,,,,,,,,,,,,,,,,,,,,,,,,,,,,,,,,,,,,,,,,,,,,,,
773,,,,,,,,,,,,,,,,,,,,,,,,,,,,,,,,,,,,,,,,,,,,,,,,,,,,,,,,,,,,,,,
774,,,,,,,,,,,,,,,,,,,,,,,,,,,,,,,,,,,,,,,,,,,,,,,,,,,,,,,,,,,,,,,
775,,,,,,,,,,,,,,,,,,,,,,,,,,,,,,,,,,,,,,,,,,,,,,,,,,,,,,,,,,,,,,,
776,,,,,,,,,,,,,,,,,,,,,,,,,,,,,,,,,,,,,,,,,,,,,,,,,,,,,,,,,,,,,,,
777,,,,,,,,,,,,,,,,,,,,,,,,,,,,,,,,,,,,,,,,,,,,,,,,,,,,,,,,,,,,,,,
778,,,,,,,,,,,,,,,,,,,,,,,,,,,,,,,,,,,,,,,,,,,,,,,,,,,,,,,,,,,,,,,
779,,,,,,,,,,,,,,,,,,,,,,,,,,,,,,,,,,,,,,,,,,,,,,,,,,,,,,,,,,,,,,,
780,,,,,,,,,,,,,,,,,,,,,,,,,,,,,,,,,,,,,,,,,,,,,,,,,,,,,,,,,,,,,,,
781,,,,,,,,,,,,,,,,,,,,,,,,,,,,,,,,,,,,,,,,,,,,,,,,,,,,,,,,,,,,,,,
782,,,,,,,,,,,,,,,,,,,,,,,,,,,,,,,,,,,,,,,,,,,,,,,,,,,,,,,,,,,,,,,"[603, 219]"
